"2008-12-11T05:22:00","2008-12-11T05:37:00","2008-12-11T05:50:00","B2.6","",788.844,-424.962
"2008-12-11T08:27:00","2008-12-11T08:31:00","2008-12-11T08:33:00","B2.2","",888.522,-396.033
"2008-12-11T09:22:00","2008-12-11T09:25:00","2008-12-11T09:27:00","C1.4","",882.360,-411.615
"2008-12-11T11:34:00","2008-12-11T11:37:00","2008-12-11T11:41:00","B1.0","",350.647,-278.686
"2008-12-11T11:41:00","2008-12-11T11:44:00","2008-12-11T11:46:00","B9.6","",883.314,-411.814
"2008-12-11T14:12:00","2008-12-11T14:15:00","2008-12-11T14:17:00","B2.1","",839.808,-440.987
"2009-01-09T23:55:00","2009-01-10T00:03:00","2009-01-10T00:11:00","B4.1","",589.441,38.1156
"2009-01-09T23:58:00","2009-01-10T00:03:00","2009-01-10T00:05:00","B4.0","",-490.772,373.494
"2009-01-10T00:47:00","2009-01-10T00:51:00","2009-01-10T00:55:00","B1.2","",-501.261,388.637
"2009-01-10T02:33:00","2009-01-10T02:36:00","2009-01-10T02:39:00","B1.0","",-465.824,359.023
"2009-02-10T23:00:00","2009-02-10T23:11:00","2009-02-10T23:42:00","B1.3","",-949.770,-44.0862
"2009-02-12T16:10:00","2009-02-12T16:19:00","2009-02-12T16:31:00","B4.1","",-795.402,-19.1112
"2009-02-13T05:35:00","2009-02-13T05:46:00","2009-02-13T06:04:00","B2.3","",-699.756,11.9334
"2009-03-26T01:38:00","2009-03-26T01:43:00","2009-03-26T01:49:00","B1.8","",0.00000,509.320
"2009-03-26T02:12:00","2009-03-26T02:16:00","2009-03-26T02:19:00","B3.5","",-869.760,393.530
"2009-05-01T08:54:00","2009-05-01T08:58:00","2009-05-01T09:00:00","B2.2","",924.066,-170.856
"2009-05-08T21:22:00","2009-05-08T21:27:00","2009-05-08T21:30:00","B1.8","",-903.648,295.133
"2009-05-09T01:28:00","2009-05-09T01:33:00","2009-05-09T01:37:00","B1.5","",-885.054,331.960
"2009-05-10T00:33:00","2009-05-10T00:37:00","2009-05-10T00:44:00","B1.0","",-874.020,306.680
"2009-05-10T03:00:00","2009-05-10T03:04:00","2009-05-10T03:07:00","B1.4","",-877.890,305.753
"2009-05-10T12:12:00","2009-05-10T12:16:00","2009-05-10T12:21:00","B1.2","",-737.502,-485.573
"2009-06-02T06:30:00","2009-06-02T06:39:00","2009-06-02T06:47:00","B1.1","",-321.008,-140.831
"2009-06-03T00:05:00","2009-06-03T00:08:00","2009-06-03T00:11:00","B1.0","",-222.822,407.529
"2009-06-03T07:40:00","2009-06-03T07:44:00","2009-06-03T07:51:00","B1.3","",-180.432,392.023
"2009-06-03T18:31:00","2009-06-03T18:37:00","2009-06-03T18:40:00","B1.5","",-74.4114,421.255
"2009-06-06T03:17:00","2009-06-06T03:23:00","2009-06-06T03:33:00","B2.6","",347.036,416.704
"2009-07-03T23:05:00","2009-07-03T23:08:00","2009-07-03T23:10:00","B1.3","",-191.590,-461.053
"2009-07-03T23:49:00","2009-07-03T23:54:00","2009-07-03T23:58:00","B3.2","",-161.102,-475.814
"2009-07-04T01:02:00","2009-07-04T01:19:00","2009-07-04T01:26:00","B3.6","",-189.923,-475.534
"2009-07-04T02:08:00","2009-07-04T02:13:00","2009-07-04T02:20:00","B4.7","",-161.102,-475.960
"2009-07-04T02:46:00","2009-07-04T03:04:00","2009-07-04T03:07:00","B3.7","",-191.590,-461.286
"2009-07-04T04:29:00","2009-07-04T04:37:00","2009-07-04T04:42:00","B8.3","",-149.144,-447.421
"2009-07-04T06:00:00","2009-07-04T06:06:00","2009-07-04T06:13:00","B2.1","",-118.541,-462.283
"2009-07-04T07:48:00","2009-07-04T07:52:00","2009-07-04T07:56:00","B2.8","",-117.509,-476.745
"2009-07-04T09:41:00","2009-07-04T09:44:00","2009-07-04T09:46:00","B1.2","",-119.537,-448.031
"2009-07-04T11:59:00","2009-07-04T12:07:00","2009-07-04T12:14:00","B3.1","",-132.082,-476.881
"2009-07-04T12:31:00","2009-07-04T12:34:00","2009-07-04T12:38:00","B2.0","",-89.7816,-448.430
"2009-07-04T13:40:00","2009-07-04T13:55:00","2009-07-04T13:57:00","B5.3","",-89.0340,-462.988
"2009-07-04T15:03:00","2009-07-04T15:08:00","2009-07-04T15:12:00","B4.8","",-59.9161,-448.749
"2009-07-04T16:11:00","2009-07-04T16:14:00","2009-07-04T16:16:00","B1.5","",-88.2588,-477.490
"2009-07-04T22:01:00","2009-07-04T22:09:00","2009-07-04T22:15:00","B5.9","",-44.5788,-463.733
"2009-07-05T00:52:00","2009-07-05T00:56:00","2009-07-05T01:05:00","B1.1","",-796.026,-207.863
"2009-07-05T00:53:00","2009-07-05T00:56:00","2009-07-05T01:00:00","B1.1","",-796.026,-207.863
"2009-07-05T01:06:00","2009-07-05T01:15:00","2009-07-05T01:29:00","B5.9","",-14.7363,-478.325
"2009-07-05T02:08:00","2009-07-05T02:13:00","2009-07-05T02:17:00","B2.2","",0.00000,-449.594
"2009-07-05T04:41:00","2009-07-05T04:47:00","2009-07-05T04:50:00","B2.3","",14.7363,-478.553
"2009-07-05T04:51:00","2009-07-05T05:01:00","2009-07-05T05:08:00","B2.2","",14.8657,-464.235
"2009-07-05T06:08:00","2009-07-05T06:14:00","2009-07-05T06:21:00","B5.1","",14.8657,-464.317
"2009-07-05T07:07:00","2009-07-05T07:13:00","2009-07-05T07:18:00","C2.7","",14.8657,-464.381
"2009-07-05T09:34:00","2009-07-05T09:37:00","2009-07-05T09:50:00","B3.0","",90.5022,-435.181
"2009-07-05T10:53:00","2009-07-05T10:57:00","2009-07-05T11:00:00","B1.2","",59.9161,-450.034
"2009-07-05T11:05:00","2009-07-05T11:09:00","2009-07-05T11:13:00","B5.0","",59.9161,-450.047
"2009-07-05T12:45:00","2009-07-05T12:50:00","2009-07-05T12:55:00","B3.5","",163.881,-449.321
"2009-07-05T15:42:00","2009-07-05T15:47:00","2009-07-05T16:04:00","B1.4","",29.7269,-464.907
"2009-07-05T16:38:00","2009-07-05T16:49:00","2009-07-05T16:54:00","B1.8","",103.804,-464.609
"2009-07-05T17:34:00","2009-07-05T17:37:00","2009-07-05T17:46:00","B1.0","",193.199,-449.245
"2009-07-06T02:20:00","2009-07-06T02:26:00","2009-07-06T02:28:00","B1.5","",211.041,-420.226
"2009-07-06T04:02:00","2009-07-06T04:06:00","2009-07-06T04:09:00","B1.5","",207.771,-449.684
"2009-07-06T16:59:00","2009-07-06T17:05:00","2009-07-06T17:25:00","C1.0","",307.733,-448.501
"2009-07-07T21:58:00","2009-07-07T22:06:00","2009-07-07T22:14:00","B1.2","",574.137,-439.552
"2009-07-07T23:41:00","2009-07-07T23:44:00","2009-07-07T23:47:00","B1.0","",540.055,-441.539
"2009-07-08T01:32:00","2009-07-08T01:36:00","2009-07-08T01:39:00","B1.2","",551.587,-441.005
"2009-07-08T02:50:00","2009-07-08T03:13:00","2009-07-08T03:54:00","B1.8","",611.496,-423.067
"2009-07-08T05:24:00","2009-07-08T05:29:00","2009-07-08T05:35:00","B4.4","",551.588,-441.191
"2009-09-08T17:01:00","2009-09-08T17:05:00","2009-09-08T17:10:00","B2.2","",896.724,236.722
"2009-09-21T12:51:00","2009-09-21T12:56:00","2009-09-21T13:02:00","B1.1","",-778.782,-554.221
"2009-09-22T10:54:00","2009-09-22T10:57:00","2009-09-22T11:01:00","B3.6","",-744.342,-554.287
"2009-09-22T20:31:00","2009-09-22T20:41:00","2009-09-22T20:47:00","B4.2","",-767.508,-535.765
"2009-09-24T00:16:00","2009-09-24T00:20:00","2009-09-24T00:24:00","B1.1","",-581.235,-561.012
"2009-09-24T23:39:00","2009-09-24T23:53:00","2009-09-25T00:10:00","B2.7","",-390.243,-604.218
"2009-09-24T23:41:00","2009-09-24T23:53:00","2009-09-25T00:02:00","B2.6","",-388.171,-641.382
"2009-09-25T00:47:00","2009-09-25T01:00:00","2009-09-25T01:16:00","C2.0","",-435.961,-575.232
"2009-09-25T08:54:00","2009-09-25T08:58:00","2009-09-25T09:03:00","B1.1","",0.00000,265.774
"2009-10-01T02:47:00","2009-10-01T02:55:00","2009-10-01T03:03:00","B7.0","",899.856,320.213
"2009-10-24T19:51:00","2009-10-24T19:59:00","2009-10-24T20:17:00","B1.6","",16.3424,167.317
"2009-10-24T20:58:00","2009-10-24T21:05:00","2009-10-24T21:09:00","B1.1","",-16.4860,133.965
"2009-10-24T21:10:00","2009-10-24T21:14:00","2009-10-24T21:18:00","B4.9","",0.00000,133.966
"2009-10-24T21:45:00","2009-10-24T21:49:00","2009-10-24T21:53:00","B2.0","",0.00000,167.427
"2009-10-25T02:10:00","2009-10-25T02:26:00","2009-10-25T02:37:00","C1.5","",66.6048,84.0588
"2009-10-25T05:05:00","2009-10-25T05:08:00","2009-10-25T05:12:00","B1.0","",97.4148,184.982
"2009-10-25T05:31:00","2009-10-25T06:16:00","2009-10-25T06:51:00","B3.2","",160.987,202.368
"2009-10-25T08:59:00","2009-10-25T09:15:00","2009-10-25T09:40:00","B8.5","",130.336,168.946
"2009-10-25T12:48:00","2009-10-25T12:53:00","2009-10-25T13:02:00","B2.1","",145.797,186.032
"2009-10-25T14:00:00","2009-10-25T14:23:00","2009-10-25T14:58:00","B2.3","",227.581,154.208
"2009-10-25T14:03:00","2009-10-25T14:22:00","2009-10-25T14:50:00","B2.2","",227.582,154.211
"2009-10-26T03:42:00","2009-10-26T03:53:00","2009-10-26T05:38:00","B1.1","",272.498,189.493
"2009-10-26T05:44:00","2009-10-26T06:08:00","2009-10-26T06:17:00","B2.0","",308.776,123.731
"2009-10-26T06:25:00","2009-10-26T06:30:00","2009-10-26T06:36:00","B1.7","",310.886,90.1506
"2009-10-26T06:56:00","2009-10-26T07:00:00","2009-10-26T07:03:00","B1.8","",295.955,72.8736
"2009-10-26T07:50:00","2009-10-26T07:53:00","2009-10-26T07:59:00","B1.0","",295.093,89.7876
"2009-10-26T08:24:00","2009-10-26T08:26:00","2009-10-26T08:33:00","B1.0","",387.088,109.699
"2009-10-26T08:36:00","2009-10-26T08:39:00","2009-10-26T08:42:00","B1.0","",310.894,90.2874
"2009-10-26T08:56:00","2009-10-26T09:01:00","2009-10-26T09:11:00","B1.5","",339.878,124.896
"2009-10-26T11:44:00","2009-10-26T11:52:00","2009-10-26T12:09:00","B1.7","",343.211,74.6022
"2009-10-26T16:44:00","2009-10-26T16:47:00","2009-10-26T16:50:00","B2.4","",-266.932,368.491
"2009-10-26T17:05:00","2009-10-26T17:15:00","2009-10-26T17:19:00","B4.6","",388.384,93.4092
"2009-10-26T18:11:00","2009-10-26T18:18:00","2009-10-26T18:25:00","B3.8","",-373.066,-242.587
"2009-10-26T18:38:00","2009-10-26T19:06:00","2009-10-26T19:11:00","C1.2","",477.343,97.3452
"2009-10-26T19:53:00","2009-10-26T19:57:00","2009-10-26T20:00:00","B2.9","",252.668,-389.427
"2009-10-26T20:23:00","2009-10-26T20:30:00","2009-10-26T20:35:00","B4.2","",491.689,98.1612
"2009-10-26T20:52:00","2009-10-26T20:57:00","2009-10-26T21:07:00","B3.0","",454.872,-106.408
"2009-10-26T21:34:00","2009-10-26T21:51:00","2009-10-26T21:57:00","B5.9","",413.575,261.436
"2009-10-26T22:35:00","2009-10-26T22:50:00","2009-10-26T22:53:00","C1.3","",716.934,315.541
"2009-10-26T23:21:00","2009-10-26T23:25:00","2009-10-26T23:28:00","B4.4","",504.255,115.863
"2009-10-26T23:29:00","2009-10-26T23:33:00","2009-10-26T23:35:00","C1.0","",677.670,344.227
"2009-10-26T23:38:00","2009-10-26T23:45:00","2009-10-26T23:49:00","B4.1","",399.369,260.967
"2009-10-26T23:51:00","2009-10-26T23:54:00","2009-10-26T23:58:00","B4.5","",465.932,197.833
"2009-10-27T00:08:00","2009-10-27T00:13:00","2009-10-27T00:20:00","B6.0","",387.427,244.103
"2009-10-27T00:39:00","2009-10-27T00:43:00","2009-10-27T00:47:00","B4.1","",518.317,217.263
"2009-10-27T01:49:00","2009-10-27T01:53:00","2009-10-27T01:57:00","B8.4","",518.255,116.754
"2009-10-27T02:59:00","2009-10-27T03:06:00","2009-10-27T03:18:00","B3.6","",451.811,197.347
"2009-10-27T04:29:00","2009-10-27T04:35:00","2009-10-27T04:39:00","B4.0","",-186.960,287.725
"2009-10-27T04:49:00","2009-10-27T05:00:00","2009-10-27T05:10:00","C1.2","",437.543,196.807
"2009-10-27T07:05:00","2009-10-27T07:24:00","2009-10-27T07:30:00","C1.2","",512.291,167.199
"2009-10-27T08:05:00","2009-10-27T08:27:00","2009-10-27T08:35:00","B4.8","",550.311,186.189
"2009-10-27T08:57:00","2009-10-27T09:24:00","2009-10-27T09:34:00","C1.7","",539.473,168.836
"2009-10-27T10:12:00","2009-10-27T10:21:00","2009-10-27T10:34:00","C1.4","",565.988,170.512
"2009-10-27T10:55:00","2009-10-27T11:00:00","2009-10-27T11:07:00","C1.1","",552.824,169.739
"2009-10-27T11:40:00","2009-10-27T11:46:00","2009-10-27T11:51:00","B5.0","",557.311,136.415
"2009-10-27T11:52:00","2009-10-27T11:55:00","2009-10-27T12:00:00","B5.3","",491.777,99.0558
"2009-10-27T13:07:00","2009-10-27T13:11:00","2009-10-27T13:15:00","B8.3","",598.813,206.335
"2009-10-27T15:00:00","2009-10-27T15:03:00","2009-10-27T15:07:00","B1.3","",464.324,81.0132
"2009-10-27T15:38:00","2009-10-27T15:50:00","2009-10-27T15:54:00","B5.2","",511.843,15.6497
"2009-10-27T17:21:00","2009-10-27T17:26:00","2009-10-27T17:30:00","B8.2","",520.030,100.843
"2009-10-27T19:01:00","2009-10-27T19:06:00","2009-10-27T19:13:00","B1.7","",587.717,104.950
"2009-10-27T19:35:00","2009-10-27T19:38:00","2009-10-27T19:47:00","B6.4","",616.944,174.437
"2009-10-27T20:15:00","2009-10-27T20:23:00","2009-10-27T20:27:00","B6.9","",611.196,207.582
"2009-10-27T22:12:00","2009-10-27T22:17:00","2009-10-27T22:23:00","B1.0","",583.327,222.437
"2009-10-27T23:39:00","2009-10-27T23:48:00","2009-10-27T23:52:00","B3.5","",636.456,259.588
"2009-10-28T00:45:00","2009-10-28T00:53:00","2009-10-28T00:56:00","C2.2","",639.642,292.904
"2009-10-28T02:45:00","2009-10-28T02:49:00","2009-10-28T02:52:00","B1.7","",709.668,232.871
"2009-10-28T03:03:00","2009-10-28T03:13:00","2009-10-28T03:18:00","B5.1","",695.364,248.223
"2009-10-28T20:32:00","2009-10-28T20:42:00","2009-10-28T20:50:00","B1.3","",-691.164,-674.820
"2009-10-28T21:47:00","2009-10-28T21:51:00","2009-10-28T21:56:00","B1.0","",776.148,156.374
"2009-10-29T02:30:00","2009-10-29T02:43:00","2009-10-29T02:48:00","B1.1","",795.102,377.603
"2009-10-29T22:33:00","2009-10-29T22:40:00","2009-10-29T22:49:00","B2.0","",900.282,177.205
"2009-10-30T00:09:00","2009-10-30T00:26:00","2009-10-30T00:42:00","B2.5","",933.078,246.776
"2009-10-30T20:43:00","2009-10-30T20:48:00","2009-10-30T20:50:00","B1.7","",852.426,253.928
"2009-10-31T15:12:00","2009-10-31T15:23:00","2009-10-31T15:54:00","B3.0","",945.636,199.167
"2009-11-01T01:08:00","2009-11-01T01:39:00","2009-11-01T02:27:00","B4.1","",876.006,405.218
"2009-11-17T12:56:00","2009-11-17T12:59:00","2009-11-17T13:02:00","B1.5","",-870.816,235.798
"2009-12-16T19:06:00","2009-12-16T21:47:00","2009-12-16T22:25:00","C1.4","",250.325,490.770
"2009-12-16T21:35:00","2009-12-16T21:49:00","2009-12-16T22:25:00","C1.4","",250.327,490.960
"2009-12-17T03:06:00","2009-12-17T03:10:00","2009-12-17T03:16:00","B5.1","",255.043,461.569
"2009-12-17T07:12:00","2009-12-17T07:15:00","2009-12-17T07:18:00","B4.6","",459.922,351.442
"2009-12-17T09:33:00","2009-12-17T09:37:00","2009-12-17T09:41:00","B7.0","",-941.826,252.694
"2009-12-17T15:01:00","2009-12-17T15:13:00","2009-12-17T15:17:00","B9.7","",-946.110,236.231
"2009-12-17T16:56:00","2009-12-17T17:00:00","2009-12-17T17:03:00","B2.5","",-941.850,252.708
"2009-12-17T21:12:00","2009-12-17T21:21:00","2009-12-17T21:28:00","B2.4","",479.512,320.211
"2009-12-18T01:09:00","2009-12-18T01:32:00","2009-12-18T01:58:00","B2.0","",-935.448,255.072
"2009-12-18T02:04:00","2009-12-18T02:13:00","2009-12-18T02:17:00","B5.6","",453.556,490.802
"2009-12-18T04:29:00","2009-12-18T04:33:00","2009-12-18T04:39:00","B3.1","",491.854,445.619
"2009-12-18T07:45:00","2009-12-18T07:48:00","2009-12-18T07:52:00","B2.5","",809.328,264.233
"2009-12-18T14:04:00","2009-12-18T14:10:00","2009-12-18T14:16:00","B3.1","",571.875,459.694
"2009-12-18T16:10:00","2009-12-18T16:23:00","2009-12-18T16:31:00","B5.1","",571.879,459.821
"2009-12-18T16:59:00","2009-12-18T17:03:00","2009-12-18T17:06:00","B2.5","",-897.678,275.703
"2009-12-18T18:20:00","2009-12-18T18:27:00","2009-12-18T18:30:00","B5.4","",576.899,444.829
"2009-12-18T18:48:00","2009-12-18T18:55:00","2009-12-18T18:58:00","C7.6","",571.884,459.982
"2009-12-18T19:17:00","2009-12-18T19:20:00","2009-12-18T19:23:00","B2.8","",630.936,334.897
"2009-12-18T20:32:00","2009-12-18T20:38:00","2009-12-18T20:42:00","B2.7","",858.000,278.560
"2009-12-18T21:16:00","2009-12-18T21:24:00","2009-12-18T21:27:00","B3.6","",605.448,459.308
"2009-12-18T21:58:00","2009-12-18T22:02:00","2009-12-18T22:05:00","B1.9","",605.448,459.349
"2009-12-18T23:37:00","2009-12-18T23:43:00","2009-12-18T23:45:00","B2.0","",-855.414,262.679
"2009-12-19T00:10:00","2009-12-19T00:14:00","2009-12-19T00:17:00","C2.9","",-855.414,262.700
"2009-12-19T01:04:00","2009-12-19T01:09:00","2009-12-19T01:12:00","B7.4","",621.210,473.934
"2009-12-19T01:36:00","2009-12-19T01:53:00","2009-12-19T01:55:00","B9.1","",610.680,474.256
"2009-12-20T11:40:00","2009-12-20T11:45:00","2009-12-20T11:49:00","B1.5","",717.876,501.097
"2009-12-20T14:16:00","2009-12-20T14:20:00","2009-12-20T14:25:00","B2.3","",821.586,407.073
"2009-12-20T15:40:00","2009-12-20T15:43:00","2009-12-20T15:46:00","B1.9","",358.354,-467.564
"2009-12-20T17:37:00","2009-12-20T17:41:00","2009-12-20T17:43:00","B1.6","",415.131,-453.075
"2009-12-20T20:27:00","2009-12-20T20:31:00","2009-12-20T20:37:00","B2.6","",799.734,496.060
"2009-12-20T23:20:00","2009-12-20T23:24:00","2009-12-20T23:30:00","B2.7","",-233.387,-357.292
"2009-12-21T01:08:00","2009-12-21T01:13:00","2009-12-21T01:16:00","B1.6","",389.714,229.153
"2009-12-21T19:04:00","2009-12-21T19:07:00","2009-12-21T19:09:00","B1.6","",539.836,293.534
"2009-12-21T23:34:00","2009-12-21T23:38:00","2009-12-21T23:40:00","B4.1","",572.095,-423.526
"2009-12-22T03:56:00","2009-12-22T04:01:00","2009-12-22T04:04:00","B5.2","",597.790,260.085
"2009-12-22T04:50:00","2009-12-22T04:56:00","2009-12-22T05:00:00","C7.2","",600.180,-439.439
"2009-12-22T11:25:00","2009-12-22T11:28:00","2009-12-22T11:34:00","B4.5","",665.202,291.118
"2009-12-22T13:17:00","2009-12-22T13:21:00","2009-12-22T13:25:00","B2.7","",657.876,-425.329
"2009-12-22T14:00:00","2009-12-22T14:09:00","2009-12-22T14:20:00","C1.0","",679.968,274.534
"2009-12-22T15:10:00","2009-12-22T15:26:00","2009-12-22T15:35:00","C1.1","",677.358,-425.945
"2009-12-22T17:35:00","2009-12-22T18:00:00","2009-12-22T18:20:00","B4.5","",705.588,257.494
"2009-12-22T19:07:00","2009-12-22T20:27:00","2009-12-22T20:32:00","C1.3","",730.728,-428.034
"2009-12-22T20:23:00","2009-12-22T20:27:00","2009-12-22T20:32:00","C1.3","",709.836,289.997
"2009-12-22T21:45:00","2009-12-22T22:26:00","2009-12-22T22:35:00","C1.0","",-884.154,-411.613
"2009-12-23T03:36:00","2009-12-23T03:56:00","2009-12-23T04:05:00","B8.6","",754.632,272.258
"2009-12-23T09:45:00","2009-12-23T09:50:00","2009-12-23T09:54:00","B1.6","",780.888,-461.597
"2009-12-23T11:26:00","2009-12-23T11:33:00","2009-12-23T11:46:00","B3.2","",812.820,-432.593
"2009-12-23T12:41:00","2009-12-23T12:48:00","2009-12-23T12:50:00","B3.5","",815.700,-384.736
"2009-12-25T23:13:00","2009-12-25T23:26:00","2009-12-25T23:40:00","B1.0","",-715.980,-439.597
"2009-12-26T07:25:00","2009-12-26T07:30:00","2009-12-26T07:39:00","B1.4","",826.134,271.462
"2009-12-26T08:54:00","2009-12-26T09:00:00","2009-12-26T09:20:00","B1.9","",0.00000,39.8966
"2009-12-26T12:17:00","2009-12-26T12:20:00","2009-12-26T12:23:00","B1.0","",-653.670,-404.521
"2009-12-26T16:51:00","2009-12-26T16:57:00","2009-12-26T17:05:00","B4.8","",-594.836,-417.619
"2009-12-26T18:09:00","2009-12-26T18:12:00","2009-12-26T18:15:00","B1.7","",-621.618,-434.165
"2009-12-26T18:38:00","2009-12-26T18:43:00","2009-12-26T18:48:00","B4.6","",0.00000,40.7408
"2009-12-27T07:21:00","2009-12-27T07:30:00","2009-12-27T07:33:00","B2.9","",-512.848,-414.038
"2009-12-30T23:48:00","2009-12-30T23:51:00","2009-12-30T23:53:00","B2.3","",166.627,-401.216
"2009-12-30T23:54:00","2009-12-31T00:02:00","2009-12-31T00:08:00","B1.6","",183.152,-385.703
"2009-12-31T00:42:00","2009-12-31T00:48:00","2009-12-31T01:00:00","B2.6","",151.643,-401.014
"2009-12-31T01:07:00","2009-12-31T01:12:00","2009-12-31T01:16:00","B3.1","",151.643,-400.982
"2009-12-31T03:30:00","2009-12-31T04:17:00","2009-12-31T04:39:00","B2.6","",257.530,-386.371
"2009-12-31T07:42:00","2009-12-31T07:47:00","2009-12-31T07:50:00","B2.9","",192.811,-431.869
"2009-12-31T10:24:00","2009-12-31T10:27:00","2009-12-31T10:29:00","B1.9","",238.501,-416.826
"2009-12-31T10:54:00","2009-12-31T10:59:00","2009-12-31T11:06:00","B1.6","",240.686,-401.262
"2009-12-31T11:15:00","2009-12-31T11:20:00","2009-12-31T11:31:00","B1.9","",264.841,-432.594
"2009-12-31T14:29:00","2009-12-31T14:32:00","2009-12-31T14:51:00","B1.3","",252.976,-416.741
"2009-12-31T15:37:00","2009-12-31T15:42:00","2009-12-31T15:46:00","B1.5","",252.976,-416.660
"2009-12-31T19:02:00","2009-12-31T19:06:00","2009-12-31T19:10:00","B1.8","",328.130,-463.710
"2010-01-01T12:02:00","2010-01-01T12:09:00","2010-01-01T12:18:00","B1.9","",441.246,-434.962
"2010-01-01T12:33:00","2010-01-01T12:43:00","2010-01-01T13:00:00","B2.3","",441.246,-434.929
"2010-01-01T23:29:00","2010-01-01T23:33:00","2010-01-01T23:42:00","B1.1","",558.562,-375.731
"2010-01-02T03:10:00","2010-01-02T03:13:00","2010-01-02T03:19:00","B1.1","",553.919,-391.219
"2010-01-02T07:09:00","2010-01-02T07:24:00","2010-01-02T07:40:00","C1.0","",577.400,-392.032
"2010-01-02T07:58:00","2010-01-02T08:05:00","2010-01-02T08:13:00","B6.4","",546.467,-374.710
"2010-01-02T09:01:00","2010-01-02T09:10:00","2010-01-02T09:23:00","B4.5","",588.937,-455.060
"2010-01-02T11:59:00","2010-01-02T12:09:00","2010-01-02T12:24:00","B4.8","",648.126,-411.326
"2010-01-02T14:08:00","2010-01-02T14:16:00","2010-01-02T14:24:00","C2.6","",555.746,-422.141
"2010-01-02T22:39:00","2010-01-02T22:46:00","2010-01-02T22:55:00","B4.3","",648.132,-410.783
"2010-01-02T22:57:00","2010-01-02T23:19:00","2010-01-02T23:35:00","C3.1","",616.800,-408.966
"2010-01-03T01:17:00","2010-01-03T01:22:00","2010-01-03T01:31:00","C2.0","",652.212,-426.684
"2010-01-03T03:53:00","2010-01-03T04:07:00","2010-01-03T04:21:00","B6.1","",658.632,-458.221
"2010-01-03T07:43:00","2010-01-03T07:46:00","2010-01-03T07:54:00","B1.5","",711.066,-477.605
"2010-01-03T10:50:00","2010-01-03T10:54:00","2010-01-03T11:09:00","B1.5","",707.658,-430.153
"2010-01-03T12:01:00","2010-01-03T12:12:00","2010-01-03T12:28:00","B7.1","",714.132,-414.727
"2010-01-03T14:43:00","2010-01-03T14:48:00","2010-01-03T14:51:00","B1.1","",696.330,-413.238
"2010-01-03T15:29:00","2010-01-03T15:35:00","2010-01-03T15:41:00","B1.3","",716.160,-430.643
"2010-01-03T15:52:00","2010-01-03T16:03:00","2010-01-03T16:13:00","B6.7","",724.434,-431.327
"2010-01-03T18:59:00","2010-01-03T19:02:00","2010-01-03T19:04:00","B1.0","",698.946,-429.112
"2010-01-03T20:43:00","2010-01-03T20:49:00","2010-01-03T20:58:00","B3.3","",762.204,-418.694
"2010-01-04T03:36:00","2010-01-04T03:40:00","2010-01-04T03:42:00","C1.3","",769.350,-435.280
"2010-01-04T10:00:00","2010-01-04T10:04:00","2010-01-04T10:08:00","B1.4","",803.184,-390.315
"2010-01-04T14:24:00","2010-01-04T14:28:00","2010-01-04T14:35:00","B1.4","",808.884,-407.344
"2010-01-04T19:51:00","2010-01-04T19:56:00","2010-01-04T20:02:00","B1.2","",827.124,-393.305
"2010-01-04T20:14:00","2010-01-04T20:22:00","2010-01-04T20:27:00","B1.3","",448.229,270.724
"2010-01-05T08:46:00","2010-01-05T08:52:00","2010-01-05T08:57:00","B1.2","",851.766,-449.428
"2010-01-05T09:53:00","2010-01-05T09:57:00","2010-01-05T10:02:00","B1.2","",-457.354,-301.935
"2010-01-06T02:57:00","2010-01-06T03:00:00","2010-01-06T03:07:00","B1.0","",869.268,-440.415
"2010-01-06T16:40:00","2010-01-06T16:45:00","2010-01-06T16:47:00","B1.7","",-844.062,489.817
"2010-01-06T19:44:00","2010-01-06T19:53:00","2010-01-06T19:57:00","B5.5","",-845.604,479.972
"2010-01-06T19:45:00","2010-01-06T19:53:00","2010-01-06T20:03:00","B5.6","",861.732,-456.360
"2010-01-07T21:23:00","2010-01-07T21:28:00","2010-01-07T21:35:00","B1.3","",603.714,-288.317
"2010-01-08T17:42:00","2010-01-08T17:46:00","2010-01-08T17:49:00","B1.4","",-685.254,521.601
"2010-01-09T06:06:00","2010-01-09T06:10:00","2010-01-09T06:13:00","B1.1","",-605.184,514.838
"2010-01-09T07:46:00","2010-01-09T07:52:00","2010-01-09T08:00:00","B2.1","",-606.792,556.136
"2010-01-09T08:40:00","2010-01-09T08:48:00","2010-01-09T08:56:00","B1.5","",-570.037,572.284
"2010-01-09T11:07:00","2010-01-09T11:14:00","2010-01-09T11:24:00","B3.6","",-488.309,590.728
"2010-01-09T12:41:00","2010-01-09T12:45:00","2010-01-09T12:57:00","B1.2","",-572.759,517.337
"2010-01-09T14:50:00","2010-01-09T15:03:00","2010-01-09T15:19:00","C1.0","",-527.967,548.084
"2010-01-09T22:23:00","2010-01-09T22:58:00","2010-01-09T23:34:00","B6.1","",-536.306,601.488
"2010-01-09T22:24:00","2010-01-09T22:58:00","2010-01-09T23:23:00","B6.1","",-536.306,601.488
"2010-01-10T00:27:00","2010-01-10T00:35:00","2010-01-10T00:45:00","B2.5","",-533.474,561.887
"2010-01-10T01:40:00","2010-01-10T02:50:00","2010-01-10T03:08:00","B4.4","",-396.151,498.079
"2010-01-10T11:52:00","2010-01-10T11:57:00","2010-01-10T12:01:00","B3.7","",-415.194,526.676
"2010-01-10T15:39:00","2010-01-10T15:42:00","2010-01-10T15:45:00","B1.1","",-405.914,512.961
"2010-01-10T17:56:00","2010-01-10T18:00:00","2010-01-10T18:07:00","B1.9","",-329.791,486.599
"2010-01-10T22:52:00","2010-01-10T22:57:00","2010-01-10T23:04:00","B2.3","",-351.712,515.326
"2010-01-11T01:41:00","2010-01-11T01:50:00","2010-01-11T01:53:00","B2.7","",-298.493,502.603
"2010-01-11T01:55:00","2010-01-11T01:58:00","2010-01-11T02:02:00","B3.9","",-298.493,502.617
"2010-01-11T04:48:00","2010-01-11T04:54:00","2010-01-11T05:05:00","B2.7","",-274.355,473.948
"2010-01-11T06:05:00","2010-01-11T06:19:00","2010-01-11T06:34:00","B6.8","",-242.691,489.563
"2010-01-11T08:00:00","2010-01-11T08:05:00","2010-01-11T08:11:00","B1.9","",-462.295,496.986
"2010-01-11T09:08:00","2010-01-11T09:11:00","2010-01-11T09:13:00","B1.3","",-240.124,588.976
"2010-01-11T11:16:00","2010-01-11T12:01:00","2010-01-11T12:16:00","B6.1","",-203.635,692.184
"2010-01-11T13:50:00","2010-01-11T13:56:00","2010-01-11T14:01:00","B9.1","",-213.010,490.638
"2010-01-11T14:27:00","2010-01-11T14:36:00","2010-01-11T14:48:00","B5.4","",-199.735,476.098
"2010-01-11T16:21:00","2010-01-11T16:27:00","2010-01-11T16:45:00","B3.9","",48.7316,935.088
"2010-01-12T12:33:00","2010-01-12T13:20:00","2010-01-12T13:34:00","C1.1","",-14.0002,620.040
"2010-01-12T12:40:00","2010-01-12T13:20:00","2010-01-12T13:46:00","C1.1","",-14.0002,620.046
"2010-01-12T17:33:00","2010-01-12T17:36:00","2010-01-12T17:39:00","B2.7","",61.9398,479.376
"2010-01-12T19:07:00","2010-01-13T00:46:00","2010-01-13T02:14:00","B1.7","",-43.9399,566.073
"2010-01-13T14:59:00","2010-01-13T15:04:00","2010-01-13T15:09:00","B2.5","",132.689,552.502
"2010-01-14T01:15:00","2010-01-14T01:21:00","2010-01-14T01:26:00","B3.0","",0.00000,75.9000
"2010-01-14T03:34:00","2010-01-14T03:39:00","2010-01-14T03:48:00","B1.8","",-575.654,61.4838
"2010-01-14T04:28:00","2010-01-14T04:36:00","2010-01-14T04:47:00","B2.2","",0.00000,76.1322
"2010-01-15T07:13:00","2010-01-15T08:41:00","2010-01-15T09:45:00","C1.3","",410.987,546.917
"2010-01-16T12:28:00","2010-01-16T12:40:00","2010-01-16T13:00:00","B3.9","",648.726,531.784
"2010-01-16T17:16:00","2010-01-16T17:23:00","2010-01-16T17:26:00","B1.9","",651.684,504.070
"2010-01-16T18:27:00","2010-01-16T18:30:00","2010-01-16T18:32:00","B3.5","",743.052,451.391
"2010-01-16T20:52:00","2010-01-16T20:57:00","2010-01-16T21:00:00","B1.5","",651.678,504.200
"2010-01-17T19:38:00","2010-01-17T19:43:00","2010-01-17T19:50:00","B4.2","",891.180,377.513
"2010-01-17T20:20:00","2010-01-17T20:25:00","2010-01-17T20:30:00","B6.1","",731.580,548.581
"2010-01-17T22:12:00","2010-01-17T22:33:00","2010-01-17T22:41:00","C2.1","",828.420,488.956
"2010-01-18T03:01:00","2010-01-18T03:30:00","2010-01-18T04:05:00","B7.5","",-890.790,-392.804
"2010-01-18T03:02:00","2010-01-18T03:30:00","2010-01-18T03:58:00","B7.5","",-890.790,-392.804
"2010-01-18T05:32:00","2010-01-18T05:54:00","2010-01-18T08:20:00","B8.5","",762.438,543.095
"2010-01-18T19:54:00","2010-01-18T20:39:00","2010-01-18T21:21:00","C5.0","",-852.222,-467.486
"2010-01-19T06:14:00","2010-01-19T06:18:00","2010-01-19T06:36:00","B5.8","",-875.742,-422.158
"2010-01-19T07:03:00","2010-01-19T07:11:00","2010-01-19T07:17:00","B8.3","",866.970,446.405
"2010-01-19T08:34:00","2010-01-19T08:45:00","2010-01-19T09:14:00","C5.2","",859.116,461.398
"2010-01-19T10:25:00","2010-01-19T10:29:00","2010-01-19T10:29:00","C1.1","",-883.044,-406.782
"2010-01-19T13:03:00","2010-01-19T13:13:00","2010-01-19T13:14:00","C6.6","",-875.724,-422.111
"2010-01-19T15:32:00","2010-01-19T15:36:00","2010-01-19T15:36:00","C2.3","",-897.474,-377.021
"2010-01-19T17:44:00","2010-01-19T17:51:00","2010-01-19T17:51:00","C5.1","",-860.280,-452.381
"2010-01-19T23:17:00","2010-01-19T23:26:00","2010-01-19T23:26:00","C2.2","",-890.670,-392.555
"2010-01-20T00:10:00","2010-01-20T00:22:00","2010-01-20T00:22:00","C4.0","",-883.620,-408.008
"2010-01-20T02:47:00","2010-01-20T02:53:00","2010-01-20T02:53:00","C1.7","",-864.720,-433.349
"2010-01-20T04:48:00","2010-01-20T04:57:00","2010-01-20T05:03:00","C5.0","",-867.234,-435.920
"2010-01-20T06:10:00","2010-01-20T06:18:00","2010-01-20T06:18:00","C3.9","",-897.432,-376.940
"2010-01-20T06:45:00","2010-01-20T06:51:00","2010-01-20T06:51:00","C3.1","",-897.432,-376.936
"2010-01-20T06:59:00","2010-01-20T07:14:00","2010-01-20T07:22:00","C9.7","",-890.652,-392.512
"2010-01-20T07:22:00","2010-01-20T07:27:00","2010-01-20T07:32:00","M1.0","",-890.646,-392.509
"2010-01-20T07:42:00","2010-01-20T07:49:00","2010-01-20T07:53:00","M1.6","",-897.426,-376.931
"2010-01-20T10:46:00","2010-01-20T10:59:00","2010-01-20T11:10:00","M1.8","",-882.978,-406.616
"2010-01-20T12:28:00","2010-01-20T12:32:00","2010-01-20T12:36:00","C3.9","",-897.414,-376.904
"2010-01-20T13:19:00","2010-01-20T13:25:00","2010-01-20T13:44:00","C1.3","",-890.634,-392.476
"2010-01-20T14:29:00","2010-01-20T14:41:00","2010-01-20T14:46:00","B9.2","",-863.976,-412.735
"2010-01-20T15:10:00","2010-01-20T15:20:00","2010-01-20T15:28:00","C2.2","",-879.534,-402.590
"2010-01-20T15:43:00","2010-01-20T15:46:00","2010-01-20T15:48:00","B9.4","",-862.152,-393.355
"2010-01-20T17:10:00","2010-01-20T17:13:00","2010-01-20T17:18:00","B6.9","",-862.146,-393.331
"2010-01-20T17:28:00","2010-01-20T17:33:00","2010-01-20T17:35:00","C1.0","",-850.734,-389.432
"2010-01-20T17:50:00","2010-01-20T17:55:00","2010-01-20T17:55:00","M3.4","",-863.970,-412.688
"2010-01-20T21:57:00","2010-01-20T22:03:00","2010-01-20T22:03:00","B6.6","",-861.228,-411.320
"2010-01-21T00:21:00","2010-01-21T00:26:00","2010-01-21T00:29:00","B7.9","",-878.130,-381.619
"2010-01-21T03:49:00","2010-01-21T03:54:00","2010-01-21T03:58:00","C2.3","",-850.704,-389.227
"2010-01-21T10:42:00","2010-01-21T10:49:00","2010-01-21T10:53:00","C1.2","",-841.776,-386.492
"2010-01-21T16:53:00","2010-01-21T16:57:00","2010-01-21T16:57:00","B2.6","",-815.124,-345.918
"2010-01-22T02:57:00","2010-01-22T03:01:00","2010-01-22T03:09:00","B1.7","",-608.316,-84.1956
"2010-01-22T10:48:00","2010-01-22T10:53:00","2010-01-22T10:55:00","B5.6","",-718.800,-330.944
"2010-01-22T11:05:00","2010-01-22T11:09:00","2010-01-22T11:18:00","B3.0","",-765.348,-353.839
"2010-01-22T15:48:00","2010-01-22T15:55:00","2010-01-22T16:02:00","B3.0","",-707.682,-362.555
"2010-01-22T16:37:00","2010-01-22T16:40:00","2010-01-22T16:44:00","B2.1","",-688.716,-360.330
"2010-01-22T17:07:00","2010-01-22T17:11:00","2010-01-22T17:14:00","B9.6","",-731.574,-348.930
"2010-01-22T20:18:00","2010-01-22T20:22:00","2010-01-22T20:25:00","B1.3","",-722.562,-347.668
"2010-01-23T00:11:00","2010-01-23T00:21:00","2010-01-23T00:28:00","B2.3","",-668.892,-357.887
"2010-01-23T05:38:00","2010-01-23T05:44:00","2010-01-23T05:49:00","B2.4","",487.256,405.430
"2010-01-23T06:32:00","2010-01-23T06:36:00","2010-01-23T06:44:00","B1.9","",463.874,452.189
"2010-01-23T07:42:00","2010-01-23T07:48:00","2010-01-23T07:54:00","B4.4","",-648.246,-355.489
"2010-01-23T13:22:00","2010-01-23T13:31:00","2010-01-23T13:38:00","B2.2","",-615.804,-352.227
"2010-01-23T16:08:00","2010-01-23T16:12:00","2010-01-23T16:17:00","B3.8","",-599.584,-366.967
"2010-01-23T21:01:00","2010-01-23T21:06:00","2010-01-23T21:06:00","B2.5","",-626.814,-385.407
"2010-01-23T21:47:00","2010-01-23T21:52:00","2010-01-23T21:52:00","B2.5","",602.952,397.967
"2010-01-24T00:52:00","2010-01-24T01:04:00","2010-01-24T01:10:00","B2.1","",626.718,396.035
"2010-01-24T12:31:00","2010-01-24T12:36:00","2010-01-24T12:36:00","B3.0","",-435.974,-370.912
"2010-01-24T20:37:00","2010-01-24T20:51:00","2010-01-24T21:05:00","B2.0","",-865.596,-338.903
"2010-01-26T00:48:00","2010-01-26T00:54:00","2010-01-26T01:05:00","B2.9","",-142.011,-278.321
"2010-01-26T02:45:00","2010-01-26T02:52:00","2010-01-26T02:52:00","B1.5","",0.00000,94.8456
"2010-01-26T03:03:00","2010-01-26T03:06:00","2010-01-26T03:06:00","B1.4","",-209.471,-213.247
"2010-01-26T17:01:00","2010-01-26T17:05:00","2010-01-26T17:08:00","B3.2","",877.500,344.035
"2010-01-26T17:40:00","2010-01-26T17:51:00","2010-01-26T17:58:00","B6.7","",-106.296,-357.676
"2010-01-26T20:50:00","2010-01-26T20:56:00","2010-01-26T21:07:00","B4.6","",-76.0188,-357.195
"2010-01-26T21:18:00","2010-01-26T21:26:00","2010-01-26T21:26:00","B4.4","",899.142,361.721
"2010-01-26T21:46:00","2010-01-26T21:51:00","2010-01-26T21:56:00","B6.3","",884.010,405.271
"2010-01-26T22:52:00","2010-01-26T22:59:00","2010-01-26T23:09:00","B2.1","",889.158,399.082
"2010-01-27T00:12:00","2010-01-27T00:19:00","2010-01-27T00:26:00","B6.2","",0.00000,-356.689
"2010-01-27T02:45:00","2010-01-27T02:50:00","2010-01-27T02:53:00","B2.4","",-855.942,-282.350
"2010-01-27T19:07:00","2010-01-27T19:12:00","2010-01-27T19:30:00","B1.6","",127.192,-259.291
"2010-01-27T22:16:00","2010-01-27T22:20:00","2010-01-27T22:20:00","B1.5","",208.205,-227.473
"2010-01-30T17:17:00","2010-01-30T17:22:00","2010-01-30T17:27:00","B1.1","",-582.684,535.503
"2010-01-31T04:10:00","2010-01-31T04:21:00","2010-01-31T04:30:00","B1.5","",645.948,226.472
"2010-02-01T05:35:00","2010-02-01T05:53:00","2010-02-01T06:01:00","B3.4","",0.00000,102.784
"2010-02-03T04:18:00","2010-02-03T05:21:00","2010-02-03T06:21:00","B1.5","",-939.294,255.858
"2010-02-03T04:41:00","2010-02-03T05:40:00","2010-02-03T06:10:00","B1.5","",-934.746,272.112
"2010-02-05T18:55:00","2010-02-05T19:03:00","2010-02-05T19:10:00","B3.6","",-466.409,449.288
"2010-02-05T23:08:00","2010-02-05T23:17:00","2010-02-05T23:17:00","B2.8","",-886.992,400.310
"2010-02-05T23:36:00","2010-02-05T23:39:00","2010-02-05T23:41:00","B1.5","",-397.040,453.677
"2010-02-06T01:25:00","2010-02-06T01:29:00","2010-02-06T01:35:00","B1.1","",513.174,416.130
"2010-02-06T06:59:00","2010-02-06T07:04:00","2010-02-06T07:04:00","C4.0","",-341.665,441.707
"2010-02-06T08:22:00","2010-02-06T08:29:00","2010-02-06T08:32:00","B2.8","",-311.958,443.042
"2010-02-06T09:42:00","2010-02-06T09:45:00","2010-02-06T09:48:00","B1.7","",-294.911,458.782
"2010-02-06T14:01:00","2010-02-06T14:36:00","2010-02-06T15:10:00","B9.0","",-249.692,460.540
"2010-02-06T15:25:00","2010-02-06T15:39:00","2010-02-06T15:49:00","C3.4","",-305.213,488.133
"2010-02-06T18:06:00","2010-02-06T18:13:00","2010-02-06T18:13:00","B6.2","",-219.152,461.605
"2010-02-06T18:47:00","2010-02-06T18:59:00","2010-02-06T18:59:00","M2.9","",-236.080,446.101
"2010-02-06T21:31:00","2010-02-06T21:37:00","2010-02-06T21:37:00","M1.3","",-188.345,462.527
"2010-02-06T22:27:00","2010-02-06T22:31:00","2010-02-06T22:33:00","C2.2","",-244.025,505.183
"2010-02-06T22:45:00","2010-02-06T22:59:00","2010-02-06T23:19:00","C2.7","",-411.104,453.589
"2010-02-07T02:20:00","2010-02-07T02:34:00","2010-02-07T02:39:00","M6.4","",-174.047,447.983
"2010-02-07T03:25:00","2010-02-07T03:29:00","2010-02-07T03:29:00","C1.1","",-188.336,462.724
"2010-02-07T04:42:00","2010-02-07T04:52:00","2010-02-07T04:54:00","C9.9","",-167.525,521.901
"2010-02-07T06:43:00","2010-02-07T06:48:00","2010-02-07T06:51:00","B6.3","",-111.166,449.267
"2010-02-07T07:57:00","2010-02-07T08:01:00","2010-02-07T08:05:00","B7.4","",-886.782,400.240
"2010-02-07T08:53:00","2010-02-07T08:56:00","2010-02-07T08:58:00","B3.5","",-171.588,478.181
"2010-02-07T09:18:00","2010-02-07T09:24:00","2010-02-07T09:24:00","B3.5","",-156.157,478.522
"2010-02-07T09:44:00","2010-02-07T09:48:00","2010-02-07T09:48:00","B3.3","",-227.212,520.478
"2010-02-07T13:33:00","2010-02-07T13:37:00","2010-02-07T13:37:00","B7.1","",-111.160,449.497
"2010-02-07T18:33:00","2010-02-07T18:36:00","2010-02-07T18:40:00","B8.3","",-89.2878,565.984
"2010-02-07T21:09:00","2010-02-07T21:15:00","2010-02-07T21:15:00","C4.2","",-848.748,397.368
"2010-02-07T21:31:00","2010-02-07T21:39:00","2010-02-07T21:39:00","C4.2","",-31.3834,480.421
"2010-02-07T22:28:00","2010-02-07T22:31:00","2010-02-07T22:33:00","C1.0","",15.9182,450.557
"2010-02-08T00:10:00","2010-02-08T00:16:00","2010-02-08T00:16:00","C1.4","",0.00000,450.630
"2010-02-08T01:10:00","2010-02-08T01:14:00","2010-02-08T01:16:00","B5.8","",-93.9924,480.035
"2010-02-08T01:23:00","2010-02-08T01:29:00","2010-02-08T01:31:00","B7.0","",-96.5610,419.596
"2010-02-08T02:22:00","2010-02-08T02:26:00","2010-02-08T02:26:00","B5.3","",-95.3346,450.129
"2010-02-08T02:46:00","2010-02-08T02:52:00","2010-02-08T02:56:00","B8.3","",-77.1552,509.609
"2010-02-08T03:08:00","2010-02-08T03:17:00","2010-02-08T03:23:00","C6.2","",-93.2766,494.851
"2010-02-08T03:52:00","2010-02-08T03:58:00","2010-02-08T04:02:00","C2.4","",-30.6378,524.408
"2010-02-08T04:04:00","2010-02-08T04:15:00","2010-02-08T04:20:00","C7.7","",-106.984,523.721
"2010-02-08T05:12:00","2010-02-08T05:23:00","2010-02-08T05:30:00","C8.6","",-159.700,592.406
"2010-02-08T05:59:00","2010-02-08T06:06:00","2010-02-08T06:13:00","C6.8","",-30.8948,510.035
"2010-02-08T06:59:00","2010-02-08T07:03:00","2010-02-08T07:08:00","C1.9","",-30.3703,538.778
"2010-02-08T07:36:00","2010-02-08T07:43:00","2010-02-08T07:46:00","M4.0","",-76.5096,524.198
"2010-02-08T08:03:00","2010-02-08T08:07:00","2010-02-08T08:10:00","C1.9","",-62.2464,495.317
"2010-02-08T11:57:00","2010-02-08T12:03:00","2010-02-08T12:06:00","M1.1","",111.141,450.233
"2010-02-08T13:32:00","2010-02-08T13:37:00","2010-02-08T13:37:00","C1.0","",100.591,276.937
"2010-02-08T14:56:00","2010-02-08T15:03:00","2010-02-08T15:15:00","C1.2","",0.00000,510.373
"2010-02-08T15:28:00","2010-02-08T15:36:00","2010-02-08T15:39:00","C1.3","",107.874,509.625
"2010-02-08T15:46:00","2010-02-08T15:52:00","2010-02-08T15:56:00","C3.8","",95.9526,435.386
"2010-02-08T16:33:00","2010-02-08T17:07:00","2010-02-08T17:12:00","C1.3","",195.245,371.639
"2010-02-08T17:22:00","2010-02-08T17:26:00","2010-02-08T17:26:00","B7.0","",195.244,371.666
"2010-02-08T17:43:00","2010-02-08T17:49:00","2010-02-08T17:49:00","B7.7","",140.645,479.846
"2010-02-08T18:03:00","2010-02-08T18:08:00","2010-02-08T18:11:00","C1.3","",126.914,450.188
"2010-02-08T18:21:00","2010-02-08T18:25:00","2010-02-08T18:25:00","B7.8","",125.127,480.134
"2010-02-08T19:02:00","2010-02-08T19:10:00","2010-02-08T19:10:00","C2.4","",173.994,449.309
"2010-02-08T19:34:00","2010-02-08T19:38:00","2010-02-08T19:40:00","C1.7","",127.748,435.059
"2010-02-08T20:01:00","2010-02-08T20:06:00","2010-02-08T20:06:00","B8.6","",222.043,432.955
"2010-02-08T21:01:00","2010-02-08T21:09:00","2010-02-08T21:09:00","B4.9","",158.345,449.707
"2010-02-08T21:53:00","2010-02-08T21:58:00","2010-02-08T22:01:00","C2.2","",172.792,464.443
"2010-02-08T22:34:00","2010-02-08T22:39:00","2010-02-08T22:39:00","B8.4","",202.227,478.608
"2010-02-09T00:13:00","2010-02-09T00:29:00","2010-02-09T00:29:00","B6.1","",189.579,449.104
"2010-02-09T01:13:00","2010-02-09T01:25:00","2010-02-09T01:25:00","C2.7","",172.787,464.545
"2010-02-09T04:04:00","2010-02-09T04:17:00","2010-02-09T04:22:00","C2.4","",125.117,480.432
"2010-02-09T07:44:00","2010-02-09T07:47:00","2010-02-09T07:50:00","B1.8","",29.5090,581.276
"2010-02-09T08:44:00","2010-02-09T08:49:00","2010-02-09T08:54:00","B6.5","",249.567,462.631
"2010-02-09T11:24:00","2010-02-09T11:31:00","2010-02-09T11:31:00","C1.8","",311.783,445.372
"2010-02-09T17:37:00","2010-02-09T17:41:00","2010-02-09T17:48:00","B2.4","",-612.774,154.159
"2010-02-10T00:23:00","2010-02-10T00:26:00","2010-02-10T00:28:00","C1.5","",315.761,415.215
"2010-02-10T02:15:00","2010-02-10T02:20:00","2010-02-10T02:25:00","B2.8","",271.130,520.797
"2010-02-10T05:56:00","2010-02-10T05:59:00","2010-02-10T06:02:00","B3.4","",-905.778,353.513
"2010-02-10T06:11:00","2010-02-10T06:14:00","2010-02-10T06:17:00","B8.6","",441.758,438.971
"2010-02-10T07:03:00","2010-02-10T07:09:00","2010-02-10T07:09:00","B4.8","",424.849,454.976
"2010-02-10T07:16:00","2010-02-10T07:19:00","2010-02-10T07:21:00","B7.7","",455.579,438.083
"2010-02-10T08:08:00","2010-02-10T08:12:00","2010-02-10T08:17:00","B4.2","",-616.764,438.952
"2010-02-10T11:43:00","2010-02-10T11:50:00","2010-02-10T11:56:00","B3.4","",0.00000,112.391
"2010-02-10T14:58:00","2010-02-10T15:02:00","2010-02-10T15:02:00","B5.3","",492.746,450.477
"2010-02-10T15:10:00","2010-02-10T15:14:00","2010-02-10T15:14:00","C3.7","",-899.496,369.130
"2010-02-10T22:03:00","2010-02-10T22:10:00","2010-02-10T22:16:00","B9.5","",-544.349,446.385
"2010-02-10T23:12:00","2010-02-10T23:15:00","2010-02-10T23:18:00","B3.8","",-415.184,499.790
"2010-02-11T01:48:00","2010-02-11T01:51:00","2010-02-11T01:53:00","B3.5","",-400.593,556.882
"2010-02-11T19:20:00","2010-02-11T19:40:00","2010-02-11T19:41:00","C1.1","",-292.486,477.472
"2010-02-11T22:02:00","2010-02-11T22:05:00","2010-02-11T22:10:00","B2.6","",-333.403,561.124
"2010-02-12T03:54:00","2010-02-12T03:58:00","2010-02-12T04:01:00","B3.2","",0.00000,113.805
"2010-02-12T07:18:00","2010-02-12T07:25:00","2010-02-12T07:28:00","C7.9","",0.00000,113.920
"2010-02-12T09:38:00","2010-02-12T09:42:00","2010-02-12T09:45:00","B9.6","",-235.213,565.527
"2010-02-12T11:19:00","2010-02-12T11:26:00","2010-02-12T11:28:00","M8.3","",-184.042,620.766
"2010-02-12T12:42:00","2010-02-12T12:46:00","2010-02-12T12:49:00","B8.9","",-62.6736,483.475
"2010-02-12T15:25:00","2010-02-12T15:29:00","2010-02-12T15:32:00","B6.2","",748.614,463.507
"2010-02-12T15:46:00","2010-02-12T15:51:00","2010-02-12T15:54:00","B6.5","",742.386,478.283
"2010-02-12T17:52:00","2010-02-12T18:08:00","2010-02-12T18:08:00","M1.1","",-142.067,621.924
"2010-02-12T20:46:00","2010-02-12T20:51:00","2010-02-12T20:55:00","C1.3","",-77.0868,512.783
"2010-02-12T21:20:00","2010-02-12T23:30:00","2010-02-13T00:40:00","C1.0","",-60.0990,555.612
"2010-02-12T22:33:00","2010-02-12T22:40:00","2010-02-12T22:40:00","C3.0","",-60.0984,555.640
"2010-02-13T01:39:00","2010-02-13T01:46:00","2010-02-13T01:46:00","B7.9","",-852.534,-256.412
"2010-02-13T02:39:00","2010-02-13T03:23:00","2010-02-13T03:29:00","B5.1","",-113.856,622.644
"2010-02-13T07:46:00","2010-02-13T07:52:00","2010-02-13T08:06:00","C4.3","",-911.184,337.639
"2010-02-13T12:28:00","2010-02-13T12:39:00","2010-02-13T12:48:00","C9.6","",-920.994,307.787
"2010-02-13T18:12:00","2010-02-13T18:17:00","2010-02-13T18:17:00","B4.3","",751.278,490.048
"2010-02-13T19:58:00","2010-02-13T20:04:00","2010-02-13T20:08:00","C2.7","",215.626,496.025
"2010-02-13T20:42:00","2010-02-13T20:52:00","2010-02-13T20:52:00","C3.0","",-915.558,323.696
"2010-02-13T23:24:00","2010-02-13T23:31:00","2010-02-13T23:33:00","B5.3","",0.00000,542.410
"2010-02-14T08:52:00","2010-02-14T09:01:00","2010-02-14T09:01:00","B6.5","",892.368,384.430
"2010-02-14T11:49:00","2010-02-14T12:04:00","2010-02-14T12:04:00","C4.3","",-874.152,362.011
"2010-02-14T20:07:00","2010-02-14T20:12:00","2010-02-14T20:12:00","B2.7","",-836.244,388.390
"2010-02-14T21:33:00","2010-02-14T21:38:00","2010-02-14T21:38:00","B2.5","",-658.524,-579.828
"2010-02-15T01:05:00","2010-02-15T01:15:00","2010-02-15T01:16:00","C1.9","",-835.398,374.677
"2010-02-15T10:30:00","2010-02-15T10:34:00","2010-02-15T10:36:00","B2.3","",-749.046,-521.700
"2010-02-15T10:42:00","2010-02-15T10:47:00","2010-02-15T10:47:00","B5.0","",-840.144,427.258
"2010-02-15T15:30:00","2010-02-15T15:34:00","2010-02-15T15:34:00","B1.7","",-802.272,397.183
"2010-02-15T17:35:00","2010-02-15T17:39:00","2010-02-15T17:44:00","B1.9","",-754.152,449.345
"2010-02-16T03:48:00","2010-02-16T03:53:00","2010-02-16T03:53:00","B1.2","",-728.532,454.165
"2010-02-17T06:47:00","2010-02-17T06:53:00","2010-02-17T07:02:00","B1.1","",-160.180,-205.921
"2010-02-17T07:29:00","2010-02-17T07:41:00","2010-02-17T07:41:00","B2.6","",-541.567,404.717
"2010-02-18T00:50:00","2010-02-18T01:00:00","2010-02-18T01:05:00","B1.3","",-497.686,482.561
"2010-02-19T09:05:00","2010-02-19T09:16:00","2010-02-19T09:33:00","B2.7","",283.124,-224.923
"2010-02-21T01:50:00","2010-02-21T01:56:00","2010-02-21T01:56:00","B1.4","",-623.904,-331.799
"2010-02-21T11:12:00","2010-02-21T12:16:00","2010-02-21T12:26:00","B1.2","",704.940,-241.784
"2010-02-21T15:40:00","2010-02-21T16:08:00","2010-02-21T16:41:00","B1.4","",-510.005,-352.432
"2010-02-22T13:13:00","2010-02-22T13:23:00","2010-02-22T13:32:00","B2.2","",-944.028,222.683
"2010-02-22T18:27:00","2010-02-22T18:33:00","2010-02-22T18:39:00","B1.5","",858.024,-291.228
"2010-02-22T21:32:00","2010-02-22T21:37:00","2010-02-22T21:37:00","B1.4","",859.956,-220.732
"2010-02-22T22:56:00","2010-02-22T23:00:00","2010-02-22T23:04:00","B2.5","",-935.742,255.213
"2010-02-23T23:56:00","2010-02-24T00:01:00","2010-02-24T00:09:00","B3.0","",866.412,-388.134
"2010-02-24T01:56:00","2010-02-24T02:05:00","2010-02-24T02:09:00","B3.1","",0.00000,120.875
"2010-02-24T02:18:00","2010-02-24T02:23:00","2010-02-24T02:26:00","B3.5","",-929.892,251.198
"2010-02-24T18:28:00","2010-02-24T18:31:00","2010-02-24T18:31:00","B1.5","",-863.508,294.981
"2010-02-26T12:23:00","2010-02-26T12:31:00","2010-02-26T12:32:00","B1.1","",-676.074,376.774
"2010-02-27T19:24:00","2010-02-27T19:29:00","2010-02-27T19:29:00","B1.6","",-424.469,370.377
"2010-02-27T22:20:00","2010-02-27T22:24:00","2010-02-27T22:26:00","B1.1","",-393.103,387.799
"2010-02-28T23:36:00","2010-02-28T23:39:00","2010-02-28T23:40:00","B1.1","",-239.417,410.399
"2010-03-01T22:26:00","2010-03-01T22:58:00","2010-03-01T22:59:00","B6.5","",-859.668,445.666
"2010-03-03T22:32:00","2010-03-03T22:44:00","2010-03-03T22:44:00","B1.5","",725.136,-377.671
"2010-03-04T03:28:00","2010-03-04T03:36:00","2010-03-04T03:42:00","B2.0","",0.00000,122.605
"2010-03-04T04:10:00","2010-03-04T04:17:00","2010-03-04T04:22:00","B1.7","",773.382,-199.589
"2010-03-04T05:01:00","2010-03-04T05:15:00","2010-03-04T05:15:00","B2.6","",815.628,-208.265
"2010-03-04T05:57:00","2010-03-04T05:58:00","2010-03-04T06:02:00","B3.9","",833.664,-230.045
"2010-03-04T07:31:00","2010-03-04T07:37:00","2010-03-04T07:37:00","B1.3","",840.564,-231.865
"2010-03-04T08:00:00","2010-03-04T08:08:00","2010-03-04T08:14:00","B2.0","",827.304,-193.591
"2010-03-04T12:03:00","2010-03-04T12:09:00","2010-03-04T12:11:00","B4.1","",830.730,-211.832
"2010-03-04T13:28:00","2010-03-04T13:31:00","2010-03-04T13:33:00","B6.0","",807.594,-206.459
"2010-03-04T16:03:00","2010-03-04T16:11:00","2010-03-04T16:16:00","C2.2","",0.00000,122.632
"2010-03-04T17:44:00","2010-03-04T17:56:00","2010-03-04T18:07:00","B4.3","",0.00000,122.635
"2010-03-04T20:59:00","2010-03-04T21:04:00","2010-03-04T21:13:00","B2.0","",901.224,-312.621
"2010-03-04T21:31:00","2010-03-04T21:34:00","2010-03-04T21:35:00","B2.2","",885.228,-210.412
"2010-03-04T23:29:00","2010-03-04T23:39:00","2010-03-04T23:40:00","B1.9","",842.418,-249.916
"2010-03-05T12:50:00","2010-03-05T12:57:00","2010-03-05T13:03:00","B2.8","",881.274,-263.039
"2010-03-06T01:03:00","2010-03-06T01:07:00","2010-03-06T01:10:00","B1.2","",871.422,-332.539
"2010-03-06T07:33:00","2010-03-06T07:55:00","2010-03-06T07:55:00","B5.2","",924.810,-276.580
"2010-03-06T14:34:00","2010-03-06T14:39:00","2010-03-06T14:43:00","B1.3","",908.700,-324.293
"2010-03-06T21:07:00","2010-03-06T21:13:00","2010-03-06T21:13:00","B1.7","",908.634,-324.269
"2010-03-07T00:46:00","2010-03-07T00:54:00","2010-03-07T00:54:00","B1.1","",-873.306,415.162
"2010-03-07T02:22:00","2010-03-07T02:27:00","2010-03-07T02:27:00","B1.9","",-288.740,497.530
"2010-03-07T04:33:00","2010-03-07T04:42:00","2010-03-07T04:43:00","B2.2","",-276.160,483.564
"2010-03-10T06:10:00","2010-03-10T07:13:00","2010-03-10T07:47:00","B3.0","",-503.944,497.078
"2010-03-10T15:29:00","2010-03-10T15:34:00","2010-03-10T15:41:00","B1.7","",-836.160,255.661
"2010-03-11T04:19:00","2010-03-11T04:23:00","2010-03-11T04:27:00","B1.2","",-763.476,285.922
"2010-03-11T12:18:00","2010-03-11T12:25:00","2010-03-11T12:28:00","B2.5","",-719.994,308.446
"2010-03-11T16:50:00","2010-03-11T16:53:00","2010-03-11T16:57:00","B1.4","",-712.344,294.019
"2010-03-11T17:14:00","2010-03-11T17:18:00","2010-03-11T17:18:00","B1.6","",-693.066,281.071
"2010-03-11T17:41:00","2010-03-11T17:45:00","2010-03-11T17:45:00","B1.5","",-687.468,313.090
"2010-03-11T20:08:00","2010-03-11T20:24:00","2010-03-11T20:27:00","B2.8","",510.250,-475.003
"2010-03-11T20:33:00","2010-03-11T20:39:00","2010-03-11T20:39:00","B4.6","",616.818,427.550
"2010-03-11T20:52:00","2010-03-11T20:53:00","2010-03-11T20:56:00","B3.2","",113.089,-165.709
"2010-03-11T21:48:00","2010-03-11T21:54:00","2010-03-11T21:55:00","B1.4","",757.662,-42.7357
"2010-03-12T00:02:00","2010-03-12T00:08:00","2010-03-12T00:11:00","B2.0","",-646.392,286.954
"2010-03-12T11:02:00","2010-03-12T11:07:00","2010-03-12T11:07:00","B2.4","",-570.499,294.948
"2010-03-12T13:17:00","2010-03-12T13:25:00","2010-03-12T13:25:00","B1.4","",-555.046,312.178
"2010-03-12T13:42:00","2010-03-12T13:46:00","2010-03-12T13:46:00","B1.9","",-557.209,296.170
"2010-03-12T14:47:00","2010-03-12T14:53:00","2010-03-12T15:03:00","B3.3","",-541.645,313.378
"2010-03-12T15:24:00","2010-03-12T15:29:00","2010-03-12T15:31:00","B3.2","",-514.360,315.712
"2010-03-12T16:24:00","2010-03-12T16:29:00","2010-03-12T16:29:00","B4.3","",-530.137,298.550
"2010-03-12T18:02:00","2010-03-12T18:27:00","2010-03-12T18:45:00","C2.3","",-500.465,316.808
"2010-03-13T02:31:00","2010-03-13T02:58:00","2010-03-13T03:14:00","B8.7","",-445.135,304.921
"2010-03-13T09:47:00","2010-03-13T09:49:00","2010-03-13T09:50:00","B2.4","",-400.720,307.642
"2010-03-13T09:59:00","2010-03-13T10:04:00","2010-03-13T10:07:00","B3.6","",-886.812,374.584
"2010-03-13T15:45:00","2010-03-13T15:49:00","2010-03-13T15:52:00","B5.4","",-338.497,326.794
"2010-03-13T16:50:00","2010-03-13T18:10:00","2010-03-13T20:18:00","B4.0","",0.00000,121.468
"2010-03-13T19:14:00","2010-03-13T19:17:00","2010-03-13T19:20:00","B2.2","",882.276,387.913
"2010-03-13T20:17:00","2010-03-13T20:19:00","2010-03-13T20:22:00","B4.0","",0.00000,121.425
"2010-03-13T23:35:00","2010-03-13T23:49:00","2010-03-14T00:23:00","C1.5","",-237.198,423.875
"2010-03-14T03:28:00","2010-03-14T03:36:00","2010-03-14T03:41:00","B3.1","",-228.515,331.028
"2010-03-14T04:07:00","2010-03-14T04:09:00","2010-03-14T04:12:00","B2.9","",-213.317,315.572
"2010-03-14T05:20:00","2010-03-14T05:24:00","2010-03-14T05:24:00","B3.3","",0.00000,121.309
"2010-03-14T05:43:00","2010-03-14T05:49:00","2010-03-14T05:51:00","B5.2","",-251.023,438.365
"2010-03-14T07:45:00","2010-03-14T07:54:00","2010-03-14T07:54:00","B2.4","",-935.382,237.835
"2010-03-14T11:47:00","2010-03-14T12:02:00","2010-03-14T12:30:00","B7.9","",-131.974,317.367
"2010-03-14T17:04:00","2010-03-14T17:12:00","2010-03-14T17:13:00","B2.1","",-98.7312,333.721
"2010-03-15T03:34:00","2010-03-15T03:38:00","2010-03-15T03:41:00","B1.4","",0.00000,302.267
"2010-03-15T03:49:00","2010-03-15T03:55:00","2010-03-15T03:59:00","B1.6","",130.289,364.579
"2010-03-15T08:34:00","2010-03-15T08:40:00","2010-03-15T08:46:00","B1.7","",162.551,363.854
"2010-03-15T18:00:00","2010-03-15T18:03:00","2010-03-15T18:06:00","B2.4","",-910.188,319.652
"2010-03-15T20:54:00","2010-03-15T20:58:00","2010-03-15T21:00:00","B1.8","",131.410,332.758
"2010-03-15T21:49:00","2010-03-15T21:53:00","2010-03-15T21:56:00","B2.7","",-900.732,292.087
"2010-03-17T12:46:00","2010-03-17T12:51:00","2010-03-17T13:02:00","B1.6","",-757.272,346.166
"2010-03-17T15:21:00","2010-03-17T15:24:00","2010-03-17T15:28:00","B1.0","",-75.1800,542.573
"2010-03-18T05:43:00","2010-03-18T06:10:00","2010-03-18T06:28:00","B4.0","",-623.652,395.128
"2010-03-18T11:09:00","2010-03-18T11:14:00","2010-03-18T11:18:00","B5.3","",-333.714,477.263
"2010-03-18T12:33:00","2010-03-18T12:53:00","2010-03-18T12:53:00","B7.5","",-843.708,-434.908
"2010-03-18T14:08:00","2010-03-18T14:11:00","2010-03-18T14:15:00","B2.1","",-845.346,-395.817
"2010-03-18T14:34:00","2010-03-18T14:43:00","2010-03-18T14:43:00","B5.4","",-340.759,574.480
"2010-03-18T18:00:00","2010-03-18T18:09:00","2010-03-18T18:12:00","B3.9","",-523.315,463.903
"2010-03-18T22:43:00","2010-03-18T22:48:00","2010-03-18T22:51:00","B1.2","",672.444,373.782
"2010-03-18T22:56:00","2010-03-18T23:08:00","2010-03-18T23:15:00","B7.0","",745.056,271.205
"2010-03-19T04:55:00","2010-03-19T04:58:00","2010-03-19T04:58:00","B1.4","",-465.132,439.378
"2010-03-19T08:32:00","2010-03-19T08:34:00","2010-03-19T08:35:00","B1.2","",-426.802,427.185
"2010-03-20T21:45:00","2010-03-20T21:58:00","2010-03-20T21:58:00","B4.2","",0.00000,118.394
"2010-03-20T23:04:00","2010-03-20T23:09:00","2010-03-20T23:12:00","B8.1","",-80.6478,393.496
"2010-03-21T00:09:00","2010-03-21T00:18:00","2010-03-21T00:18:00","B5.5","",-64.5474,393.627
"2010-03-21T00:42:00","2010-03-21T00:44:00","2010-03-21T00:46:00","B3.8","",-96.1866,408.618
"2010-03-21T01:12:00","2010-03-21T01:24:00","2010-03-21T01:24:00","B6.5","",-821.526,441.161
"2010-03-21T02:21:00","2010-03-21T02:29:00","2010-03-21T02:29:00","B3.0","",0.00000,378.380
"2010-03-21T04:47:00","2010-03-21T04:54:00","2010-03-21T04:56:00","B3.9","",-122.000,511.740
"2010-03-21T05:56:00","2010-03-21T06:00:00","2010-03-21T06:03:00","B3.2","",-158.839,422.613
"2010-03-21T07:38:00","2010-03-21T07:53:00","2010-03-21T07:53:00","B1.9","",-855.474,-326.795
"2010-03-21T08:31:00","2010-03-21T09:00:00","2010-03-21T09:16:00","B6.8","",945.162,186.488
"2010-03-21T14:26:00","2010-03-21T14:29:00","2010-03-21T14:31:00","B1.6","",815.874,-21.3829
"2010-03-21T17:52:00","2010-03-21T18:17:00","2010-03-21T18:31:00","B2.2","",-36.9969,-932.202
"2010-03-21T20:06:00","2010-03-21T20:09:00","2010-03-21T20:11:00","B1.2","",167.229,510.416
"2010-03-21T23:40:00","2010-03-21T23:45:00","2010-03-21T23:48:00","B1.6","",95.5980,423.266
"2010-03-22T00:09:00","2010-03-22T00:12:00","2010-03-22T00:14:00","B1.0","",128.030,407.542
"2010-03-22T01:39:00","2010-03-22T01:44:00","2010-03-22T01:48:00","B1.3","",127.278,422.734
"2010-03-22T04:10:00","2010-03-22T04:13:00","2010-03-22T04:19:00","B1.0","",127.274,422.668
"2010-03-22T16:07:00","2010-03-22T16:09:00","2010-03-22T16:13:00","B1.0","",947.886,170.021
"2010-03-23T08:59:00","2010-03-23T09:09:00","2010-03-23T09:10:00","B2.5","",-912.054,283.055
"2010-03-23T14:44:00","2010-03-23T14:47:00","2010-03-23T14:49:00","B2.5","",0.00000,116.765
"2010-03-23T18:58:00","2010-03-23T19:03:00","2010-03-23T19:05:00","B3.8","",0.00000,116.650
"2010-03-23T19:10:00","2010-03-23T19:19:00","2010-03-23T19:21:00","B5.9","",-892.884,320.434
"2010-03-23T22:58:00","2010-03-23T22:59:00","2010-03-23T23:03:00","B2.7","",-932.910,237.116
"2010-03-24T13:26:00","2010-03-24T13:29:00","2010-03-24T13:30:00","B1.3","",-840.012,310.890
"2010-03-24T13:55:00","2010-03-24T13:58:00","2010-03-24T14:01:00","B1.4","",-715.968,-509.058
"2010-03-24T14:31:00","2010-03-24T14:34:00","2010-03-24T14:41:00","B1.8","",-806.856,303.769
"2010-03-24T16:09:00","2010-03-24T16:14:00","2010-03-24T16:19:00","B1.8","",-317.825,-159.730
"2010-03-25T00:35:00","2010-03-25T01:45:00","2010-03-25T03:20:00","B1.1","",915.048,-291.531
"2010-03-25T03:48:00","2010-03-25T04:32:00","2010-03-25T05:05:00","B7.3","",-749.946,416.977
"2010-03-25T03:51:00","2010-03-25T04:33:00","2010-03-25T04:55:00","B7.3","",-749.946,416.976
"2010-03-25T07:52:00","2010-03-25T07:55:00","2010-03-25T07:58:00","B1.2","",-767.958,-508.672
"2010-03-25T10:53:00","2010-03-25T11:00:00","2010-03-25T11:06:00","B3.2","",-706.848,350.954
"2010-03-25T14:03:00","2010-03-25T14:13:00","2010-03-25T14:13:00","B3.6","",-685.776,353.832
"2010-03-25T14:32:00","2010-03-25T14:34:00","2010-03-25T14:37:00","B6.0","",-714.318,394.196
"2010-03-25T15:00:00","2010-03-25T15:04:00","2010-03-25T15:04:00","B4.5","",-698.808,381.851
"2010-03-25T22:39:00","2010-03-25T22:44:00","2010-03-25T22:47:00","B1.7","",-573.965,240.721
"2010-03-26T02:14:00","2010-03-26T02:23:00","2010-03-26T02:41:00","B3.0","",-641.388,297.445
"2010-03-26T19:04:00","2010-03-26T19:07:00","2010-03-26T19:07:00","B1.1","",896.232,329.879
"2010-03-26T21:08:00","2010-03-26T21:16:00","2010-03-26T21:19:00","C2.5","",-539.557,384.122
"2010-03-26T22:34:00","2010-03-26T22:38:00","2010-03-26T22:42:00","B2.0","",-510.181,324.926
"2010-03-26T23:34:00","2010-03-26T23:38:00","2010-03-26T23:41:00","B3.1","",-496.407,325.952
"2010-03-27T00:08:00","2010-03-27T00:09:00","2010-03-27T00:11:00","B2.1","",296.777,516.740
"2010-03-27T01:40:00","2010-03-27T01:43:00","2010-03-27T01:47:00","B1.7","",-502.764,371.831
"2010-03-27T01:49:00","2010-03-27T01:52:00","2010-03-27T01:54:00","B2.6","",-482.474,326.914
"2010-03-27T04:34:00","2010-03-27T04:37:00","2010-03-27T04:41:00","B2.1","",896.736,347.838
"2010-03-27T05:12:00","2010-03-27T05:14:00","2010-03-27T05:18:00","C1.2","",-454.175,328.775
"2010-03-27T07:35:00","2010-03-27T07:39:00","2010-03-27T07:41:00","B1.1","",908.190,316.576
"2010-03-27T07:54:00","2010-03-27T07:57:00","2010-03-27T08:00:00","C2.0","",-425.321,330.534
"2010-03-27T09:40:00","2010-03-27T09:43:00","2010-03-27T09:46:00","B2.4","",-410.694,331.354
"2010-03-27T10:05:00","2010-03-27T10:14:00","2010-03-27T10:18:00","C1.5","",-410.692,331.342
"2010-03-27T12:17:00","2010-03-27T12:19:00","2010-03-27T12:21:00","B3.1","",-395.937,332.117
"2010-03-27T13:03:00","2010-03-27T13:07:00","2010-03-27T13:07:00","B1.3","",373.525,540.214
"2010-03-27T18:23:00","2010-03-27T18:29:00","2010-03-27T18:33:00","C3.8","",-335.761,334.981
"2010-03-28T01:24:00","2010-03-28T01:28:00","2010-03-28T01:32:00","B1.4","",-210.781,339.311
"2010-03-28T03:27:00","2010-03-28T03:34:00","2010-03-28T03:34:00","B3.8","",-250.060,430.348
"2010-03-28T05:39:00","2010-03-28T05:44:00","2010-03-28T05:48:00","B4.0","",-246.707,460.121
"2010-03-28T09:32:00","2010-03-28T09:37:00","2010-03-28T09:40:00","B3.3","",-175.212,402.001
"2010-03-28T10:47:00","2010-03-28T10:53:00","2010-03-28T10:58:00","B2.8","",-194.797,339.418
"2010-03-28T11:39:00","2010-03-28T11:46:00","2010-03-28T11:54:00","B2.4","",-115.119,309.275
"2010-03-30T12:35:00","2010-03-30T12:40:00","2010-03-30T12:44:00","B1.3","",241.238,352.039
"2010-04-02T23:57:00","2010-04-03T00:02:00","2010-04-03T00:04:00","B1.7","",822.018,340.282
"2010-04-03T09:04:00","2010-04-03T09:17:00","2010-04-03T09:17:00","B3.0","",45.7293,-307.295
"2010-04-05T00:43:00","2010-04-05T00:48:00","2010-04-05T00:53:00","B1.4","",-775.224,433.928
"2010-04-05T08:45:00","2010-04-05T08:50:00","2010-04-05T08:53:00","B1.1","",-707.466,403.227
"2010-04-05T11:19:00","2010-04-05T11:23:00","2010-04-05T11:28:00","B1.3","",913.482,192.592
"2010-04-05T12:44:00","2010-04-05T12:49:00","2010-04-05T12:54:00","B1.8","",-558.994,-65.3910
"2010-04-05T16:52:00","2010-04-05T16:57:00","2010-04-05T16:57:00","B1.1","",113.401,348.887
"2010-04-06T03:53:00","2010-04-06T04:02:00","2010-04-06T04:02:00","B1.5","",0.00000,104.945
"2010-04-08T02:30:00","2010-04-08T03:25:00","2010-04-08T03:50:00","B3.7","",-231.922,550.059
"2010-04-13T04:39:00","2010-04-13T04:43:00","2010-04-13T04:49:00","B3.7","",127.961,-188.210
"2010-04-17T04:30:00","2010-04-17T05:57:00","2010-04-17T08:24:00","B2.2","",-913.104,282.832
"2010-04-17T04:37:00","2010-04-17T05:57:00","2010-04-17T07:12:00","B2.1","",-913.104,282.831
"2010-04-17T21:34:00","2010-04-18T02:18:00","2010-04-18T04:16:00","B1.3","",-669.282,469.123
"2010-04-24T22:56:00","2010-04-24T23:00:00","2010-04-24T23:01:00","B1.1","",-417.378,-794.550
"2010-04-30T00:17:00","2010-04-30T00:21:00","2010-04-30T00:21:00","B1.8","",685.806,339.014
"2010-04-30T19:28:00","2010-04-30T19:34:00","2010-04-30T19:38:00","C2.2","",-869.142,389.797
"2010-05-01T01:34:00","2010-05-01T01:39:00","2010-05-01T01:43:00","C5.7","",-859.938,396.548
"2010-05-01T05:23:00","2010-05-01T05:27:00","2010-05-01T05:31:00","B1.6","",-853.902,372.857
"2010-05-01T09:48:00","2010-05-01T09:51:00","2010-05-01T09:52:00","B1.0","",-844.986,414.768
"2010-05-02T06:03:00","2010-05-02T06:09:00","2010-05-02T06:09:00","B2.9","",-762.324,417.038
"2010-05-02T10:02:00","2010-05-02T10:09:00","2010-05-02T10:09:00","B3.8","",231.697,-479.705
"2010-05-02T15:09:00","2010-05-02T15:13:00","2010-05-02T15:14:00","B1.1","",-905.250,-291.369
"2010-05-02T16:22:00","2010-05-02T16:26:00","2010-05-02T16:29:00","B1.9","",-719.622,407.314
"2010-05-02T17:55:00","2010-05-02T17:59:00","2010-05-02T17:59:00","B1.2","",-699.756,437.931
"2010-05-02T20:55:00","2010-05-02T21:00:00","2010-05-02T21:03:00","B1.4","",-677.670,425.587
"2010-05-02T21:42:00","2010-05-02T21:53:00","2010-05-02T21:58:00","B1.5","",-677.664,425.552
"2010-05-03T12:52:00","2010-05-03T12:54:00","2010-05-03T12:57:00","B2.0","",-905.040,-291.386
"2010-05-03T13:38:00","2010-05-03T13:41:00","2010-05-03T13:43:00","B1.5","",688.980,319.496
"2010-05-03T15:00:00","2010-05-03T15:04:00","2010-05-03T15:07:00","B1.4","",-149.202,-360.182
"2010-05-03T21:50:00","2010-05-03T21:53:00","2010-05-03T21:56:00","B1.0","",-59.9350,-359.878
"2010-05-04T04:42:00","2010-05-04T04:46:00","2010-05-04T04:49:00","B1.7","",-870.348,-293.833
"2010-05-04T05:50:00","2010-05-04T06:46:00","2010-05-04T08:15:00","B1.4","",-15.1198,-344.753
"2010-05-04T11:00:00","2010-05-04T11:08:00","2010-05-04T11:08:00","B1.9","",273.958,657.660
"2010-05-04T12:05:00","2010-05-04T12:09:00","2010-05-04T12:12:00","B1.3","",281.498,669.198
"2010-05-04T12:39:00","2010-05-04T12:44:00","2010-05-04T12:44:00","B1.7","",297.436,656.868
"2010-05-04T14:13:00","2010-05-04T14:20:00","2010-05-04T14:20:00","B2.4","",273.949,657.480
"2010-05-04T16:15:00","2010-05-04T16:29:00","2010-05-04T16:29:00","C3.6","",281.486,668.976
"2010-05-04T19:11:00","2010-05-04T19:19:00","2010-05-04T19:19:00","B1.1","",359.429,689.004
"2010-05-05T00:55:00","2010-05-05T01:05:00","2010-05-05T01:11:00","B1.6","",326.996,667.038
"2010-05-05T07:09:00","2010-05-05T07:16:00","2010-05-05T07:16:00","C2.3","",370.899,665.040
"2010-05-05T08:35:00","2010-05-05T08:39:00","2010-05-05T08:41:00","B2.4","",363.660,699.294
"2010-05-05T11:37:00","2010-05-05T11:52:00","2010-05-05T11:58:00","C8.9","",402.639,663.432
"2010-05-05T13:00:00","2010-05-05T13:04:00","2010-05-05T13:07:00","B3.4","",-760.806,-262.037
"2010-05-05T16:11:00","2010-05-05T16:18:00","2010-05-05T16:18:00","B4.0","",893.832,289.048
"2010-05-05T17:13:00","2010-05-05T17:19:00","2010-05-05T17:22:00","M1.2","",77.7402,399.116
"2010-05-05T18:38:00","2010-05-05T18:43:00","2010-05-05T18:48:00","B7.3","",423.167,662.106
"2010-05-05T20:30:00","2010-05-05T21:59:00","2010-05-05T22:45:00","B1.7","",-136.517,443.231
"2010-05-06T15:09:00","2010-05-06T15:13:00","2010-05-06T15:17:00","B1.4","",904.170,295.369
"2010-05-07T00:30:00","2010-05-07T00:33:00","2010-05-07T00:36:00","B1.1","",532.719,687.522
"2010-05-07T05:55:00","2010-05-07T05:58:00","2010-05-07T06:00:00","B1.2","",-517.691,-264.482
"2010-05-07T07:29:00","2010-05-07T07:41:00","2010-05-07T07:42:00","C2.0","",590.533,637.794
"2010-05-07T22:49:00","2010-05-07T22:56:00","2010-05-07T22:57:00","B4.6","",634.584,644.034
"2010-05-08T00:58:00","2010-05-08T01:04:00","2010-05-08T01:10:00","B2.6","",644.118,631.680
"2010-05-08T01:31:00","2010-05-08T01:39:00","2010-05-08T01:39:00","B5.8","",-352.747,-260.185
"2010-05-08T04:51:00","2010-05-08T04:59:00","2010-05-08T04:59:00","C9.3","",666.264,628.674
"2010-05-08T08:37:00","2010-05-08T08:40:00","2010-05-08T08:40:00","B1.4","",666.090,639.456
"2010-05-08T09:15:00","2010-05-08T09:20:00","2010-05-08T09:23:00","B2.1","",693.642,634.224
"2010-05-08T10:11:00","2010-05-08T10:19:00","2010-05-08T10:23:00","B3.8","",655.860,651.582
"2010-05-08T11:40:00","2010-05-08T11:50:00","2010-05-08T11:50:00","C1.8","",676.092,627.030
"2010-05-08T18:41:00","2010-05-08T18:55:00","2010-05-08T18:55:00","B7.2","",683.016,636.288
"2010-05-08T20:04:00","2010-05-08T20:11:00","2010-05-08T20:11:00","C2.4","",700.638,622.356
"2010-05-09T15:23:00","2010-05-09T15:41:00","2010-05-09T16:14:00","B1.3","",736.968,600.210
"2010-05-09T20:48:00","2010-05-09T21:14:00","2010-05-09T22:45:00","B2.1","",726.396,612.906
"2010-05-09T20:50:00","2010-05-09T21:14:00","2010-05-09T21:44:00","B2.1","",726.396,612.906
"2010-05-22T21:39:00","2010-05-22T21:46:00","2010-05-22T21:47:00","B1.3","",-64.4484,-201.664
"2010-05-23T05:09:00","2010-05-23T05:15:00","2010-05-23T05:15:00","B1.4","",-16.0507,-218.390
"2010-05-23T16:45:00","2010-05-23T18:43:00","2010-05-23T20:30:00","B1.4","",201.184,350.972
"2010-05-23T16:52:00","2010-05-23T18:01:00","2010-05-23T20:08:00","B1.3","",143.747,-219.462
"2010-05-23T21:34:00","2010-05-23T21:39:00","2010-05-23T21:45:00","B1.1","",112.573,-203.660
"2010-05-24T13:05:00","2010-05-24T14:46:00","2010-05-24T15:50:00","B1.1","",283.865,-221.910
"2010-05-25T15:46:00","2010-05-25T15:51:00","2010-05-25T15:51:00","B6.5","",500.315,-226.552
"2010-05-27T23:00:00","2010-05-27T23:15:00","2010-05-27T23:25:00","B1.4","",-800.946,222.976
"2010-06-07T06:27:00","2010-06-07T06:30:00","2010-06-07T06:30:00","B2.0","",841.332,323.540
"2010-06-07T19:15:00","2010-06-07T19:24:00","2010-06-07T19:24:00","B2.0","",-358.063,243.651
"2010-06-08T11:28:00","2010-06-08T11:33:00","2010-06-08T11:33:00","B1.4","",576.518,-311.349
"2010-06-08T13:43:00","2010-06-08T13:50:00","2010-06-08T13:56:00","B1.4","",924.702,196.519
"2010-06-09T00:07:00","2010-06-09T01:02:00","2010-06-09T01:07:00","B2.3","",655.668,-311.615
"2010-06-09T03:18:00","2010-06-09T03:37:00","2010-06-09T04:05:00","B1.9","",360.435,-419.874
"2010-06-09T04:31:00","2010-06-09T04:41:00","2010-06-09T04:50:00","B1.8","",-63.9810,241.033
"2010-06-09T04:36:00","2010-06-09T05:15:00","2010-06-09T05:36:00","B5.1","",653.232,-358.182
"2010-06-09T08:39:00","2010-06-09T08:46:00","2010-06-09T08:53:00","B2.5","",681.798,-388.158
"2010-06-09T13:28:00","2010-06-09T13:31:00","2010-06-09T13:32:00","B1.1","",705.720,-373.323
"2010-06-09T13:35:00","2010-06-09T13:43:00","2010-06-09T13:50:00","B2.1","",682.968,-358.358
"2010-06-09T19:41:00","2010-06-09T19:48:00","2010-06-09T19:54:00","B2.7","",758.112,-342.457
"2010-06-09T20:02:00","2010-06-09T20:07:00","2010-06-09T20:12:00","B1.9","",758.106,-342.470
"2010-06-09T20:15:00","2010-06-09T20:24:00","2010-06-09T20:30:00","B3.5","",780.636,-264.211
"2010-06-09T20:53:00","2010-06-09T20:59:00","2010-06-09T21:02:00","B3.2","",728.328,-358.183
"2010-06-09T22:31:00","2010-06-09T22:50:00","2010-06-09T23:12:00","B1.2","",79.9320,239.572
"2010-06-11T10:51:00","2010-06-11T10:55:00","2010-06-11T10:58:00","B1.4","",516.854,348.191
"2010-06-11T11:58:00","2010-06-11T12:02:00","2010-06-11T12:04:00","B3.0","",-869.916,369.145
"2010-06-11T20:34:00","2010-06-11T20:46:00","2010-06-11T20:54:00","B4.5","",627.630,363.806
"2010-06-11T23:56:00","2010-06-12T00:02:00","2010-06-12T00:04:00","B6.3","",642.714,348.401
"2010-06-12T00:30:00","2010-06-12T00:57:00","2010-06-12T01:02:00","M2.0","",638.070,363.693
"2010-06-12T02:53:00","2010-06-12T02:58:00","2010-06-12T03:03:00","B3.8","",795.990,-388.807
"2010-06-12T03:57:00","2010-06-12T04:06:00","2010-06-12T04:17:00","C1.0","",668.214,363.838
"2010-06-12T08:06:00","2010-06-12T08:09:00","2010-06-12T08:09:00","B2.4","",692.280,348.547
"2010-06-12T09:02:00","2010-06-12T09:17:00","2010-06-12T09:22:00","C6.1","",682.074,379.023
"2010-06-12T23:43:00","2010-06-12T23:54:00","2010-06-12T23:59:00","B3.0","",852.072,-400.661
"2010-06-13T00:06:00","2010-06-13T00:14:00","2010-06-13T00:26:00","B8.8","",849.222,-414.419
"2010-06-13T02:28:00","2010-06-13T02:31:00","2010-06-13T02:31:00","B4.6","",856.314,-399.533
"2010-06-13T05:30:00","2010-06-13T05:39:00","2010-06-13T05:39:00","M1.0","",855.312,-386.158
"2010-06-13T06:08:00","2010-06-13T06:11:00","2010-06-13T06:13:00","C1.2","",783.246,364.635
"2010-06-13T06:55:00","2010-06-13T06:58:00","2010-06-13T07:00:00","B5.3","",782.154,349.144
"2010-06-13T07:05:00","2010-06-13T07:08:00","2010-06-13T07:10:00","C1.2","",801.606,-389.359
"2010-06-13T07:31:00","2010-06-13T07:34:00","2010-06-13T07:38:00","C1.2","",869.712,-369.404
"2010-06-13T08:06:00","2010-06-13T08:13:00","2010-06-13T08:16:00","C1.2","",795.474,349.436
"2010-06-13T09:41:00","2010-06-13T09:46:00","2010-06-13T09:48:00","C1.7","",795.984,364.847
"2010-06-13T10:47:00","2010-06-13T10:53:00","2010-06-13T10:55:00","C1.5","",801.762,349.518
"2010-06-13T12:24:00","2010-06-13T12:27:00","2010-06-13T12:29:00","B4.3","",813.396,334.243
"2010-06-13T13:20:00","2010-06-13T13:23:00","2010-06-13T13:26:00","B2.5","",813.612,349.790
"2010-06-13T14:24:00","2010-06-13T14:27:00","2010-06-13T14:30:00","B2.4","",819.168,349.939
"2010-06-13T15:45:00","2010-06-13T15:51:00","2010-06-13T15:52:00","B4.2","",764.712,409.505
"2010-06-13T18:10:00","2010-06-13T18:13:00","2010-06-13T18:17:00","B1.8","",818.514,365.302
"2010-06-14T00:33:00","2010-06-14T00:38:00","2010-06-14T00:40:00","B2.3","",799.164,410.293
"2010-06-14T00:44:00","2010-06-14T00:51:00","2010-06-14T00:51:00","C1.5","",799.164,410.288
"2010-06-14T04:26:00","2010-06-14T04:30:00","2010-06-14T04:30:00","B1.7","",869.304,-369.654
"2010-06-14T12:49:00","2010-06-14T12:54:00","2010-06-14T12:58:00","B2.9","",869.610,-369.383
"2010-06-17T10:23:00","2010-06-17T10:33:00","2010-06-17T10:47:00","B5.0","",-554.479,445.419
"2010-06-17T17:33:00","2010-06-17T17:42:00","2010-06-17T17:58:00","B1.1","",-137.585,335.248
"2010-06-17T18:44:00","2010-06-17T18:49:00","2010-06-17T18:49:00","B1.2","",-516.409,458.889
"2010-06-18T11:58:00","2010-06-18T12:04:00","2010-06-18T12:07:00","B1.8","",-389.221,441.403
"2010-06-18T17:49:00","2010-06-18T17:54:00","2010-06-18T17:54:00","B1.1","",-350.404,440.577
"2010-06-21T19:08:00","2010-06-21T19:11:00","2010-06-21T19:12:00","B1.3","",352.244,360.572
"2010-06-22T09:01:00","2010-06-22T09:04:00","2010-06-22T09:06:00","B1.0","",313.301,419.220
"2010-06-22T09:33:00","2010-06-22T09:38:00","2010-06-22T09:41:00","B2.1","",299.727,419.021
"2010-06-23T11:00:00","2010-06-23T11:03:00","2010-06-23T11:05:00","B1.6","",595.852,378.307
"2010-06-23T12:17:00","2010-06-23T12:20:00","2010-06-23T12:22:00","B1.1","",595.850,378.238
"2010-06-25T10:17:00","2010-06-25T10:21:00","2010-06-25T10:21:00","B3.4","",721.911,472.232
"2010-06-25T22:42:00","2010-06-25T22:46:00","2010-06-25T22:46:00","B1.5","",632.010,234.679
"2010-06-25T23:12:00","2010-06-25T23:17:00","2010-06-25T23:28:00","B1.8","",-886.080,-323.680
"2010-06-26T02:45:00","2010-06-26T02:50:00","2010-06-26T02:52:00","B1.0","",-886.074,-323.684
"2010-06-27T03:14:00","2010-06-27T03:16:00","2010-06-27T03:17:00","B1.5","",766.344,288.191
"2010-06-29T04:57:00","2010-06-29T05:01:00","2010-06-29T05:04:00","B1.4","",221.396,203.961
"2010-06-29T15:23:00","2010-06-29T15:53:00","2010-06-29T16:05:00","B1.3","",281.401,220.115
"2010-06-29T15:24:00","2010-06-29T15:52:00","2010-06-29T17:42:00","B1.4","",281.401,220.114
"2010-07-01T20:54:00","2010-07-01T20:57:00","2010-07-01T21:01:00","B1.0","",651.726,-383.977
"2010-07-05T18:00:00","2010-07-05T21:25:00","2010-07-05T22:00:00","B1.1","",708.834,259.289
"2010-07-05T18:36:00","2010-07-06T00:24:00","2010-07-06T03:12:00","B1.2","",727.644,260.702
"2010-07-06T10:02:00","2010-07-06T10:11:00","2010-07-06T10:16:00","B1.0","",736.716,260.801
"2010-07-07T17:35:00","2010-07-07T17:46:00","2010-07-07T17:55:00","B1.6","",886.236,264.753
"2010-07-07T20:41:00","2010-07-07T20:45:00","2010-07-07T20:48:00","B2.2","",-886.008,320.113
"2010-07-07T21:39:00","2010-07-07T21:44:00","2010-07-07T21:45:00","B1.6","",-897.060,289.966
"2010-07-07T22:27:00","2010-07-07T22:31:00","2010-07-07T22:32:00","B2.9","",-886.008,320.106
"2010-07-08T01:19:00","2010-07-08T01:26:00","2010-07-08T01:27:00","B4.1","",-897.060,289.957
"2010-07-08T02:53:00","2010-07-08T02:59:00","2010-07-08T02:59:00","B6.3","",-891.840,305.543
"2010-07-08T22:03:00","2010-07-08T22:16:00","2010-07-08T22:24:00","C1.2","",-861.384,381.010
"2010-07-08T23:57:00","2010-07-09T00:02:00","2010-07-09T00:06:00","B3.3","",602.250,248.620
"2010-07-09T01:44:00","2010-07-09T01:49:00","2010-07-09T01:58:00","B3.0","",-874.236,350.714
"2010-07-09T03:08:00","2010-07-09T03:18:00","2010-07-09T03:43:00","B2.1","",-880.266,335.405
"2010-07-09T04:50:00","2010-07-09T05:25:00","2010-07-09T06:29:00","B3.2","",-867.948,365.899
"2010-07-09T08:53:00","2010-07-09T09:01:00","2010-07-09T09:01:00","C1.8","",-878.790,333.429
"2010-07-09T15:00:00","2010-07-09T15:14:00","2010-07-09T15:14:00","B7.7","",-876.246,331.428
"2010-07-09T19:26:00","2010-07-09T19:43:00","2010-07-09T19:44:00","C3.3","",-853.050,339.938
"2010-07-09T22:19:00","2010-07-09T22:22:00","2010-07-09T22:26:00","B6.9","",-851.616,322.570
"2010-07-10T03:47:00","2010-07-10T06:30:00","2010-07-10T10:23:00","B5.2","",-787.020,229.706
"2010-07-10T08:25:00","2010-07-10T09:07:00","2010-07-10T11:15:00","B4.1","",-862.518,291.284
"2010-07-10T20:06:00","2010-07-10T20:13:00","2010-07-10T20:24:00","B3.0","",-817.884,315.396
"2010-07-10T22:34:00","2010-07-10T22:49:00","2010-07-10T22:49:00","B7.2","",-799.632,312.514
"2010-07-11T00:42:00","2010-07-11T00:48:00","2010-07-11T00:48:00","B2.9","",-743.442,321.666
"2010-07-11T15:58:00","2010-07-11T16:02:00","2010-07-11T16:08:00","B4.2","",-700.350,316.849
"2010-07-11T17:19:00","2010-07-11T17:28:00","2010-07-11T17:40:00","B4.5","",-718.998,286.411
"2010-07-11T20:44:00","2010-07-11T21:26:00","2010-07-11T22:45:00","B3.9","",-695.856,300.253
"2010-07-12T05:11:00","2010-07-12T05:19:00","2010-07-12T05:20:00","B3.9","",-602.544,292.868
"2010-07-12T05:54:00","2010-07-12T06:06:00","2010-07-12T06:06:00","B3.4","",-579.687,291.411
"2010-07-12T11:34:00","2010-07-12T11:39:00","2010-07-12T11:44:00","B2.1","",-556.119,289.754
"2010-07-12T13:22:00","2010-07-12T13:36:00","2010-07-12T13:36:00","B4.0","",-529.159,158.864
"2010-07-13T02:59:00","2010-07-13T03:01:00","2010-07-13T03:03:00","B1.6","",-434.104,251.213
"2010-07-13T08:31:00","2010-07-13T08:35:00","2010-07-13T08:37:00","B2.9","",-406.541,249.852
"2010-07-13T10:07:00","2010-07-13T10:11:00","2010-07-13T10:13:00","B3.3","",-376.135,264.682
"2010-07-13T10:43:00","2010-07-13T10:51:00","2010-07-13T10:51:00","C2.6","",-378.475,248.747
"2010-07-13T14:32:00","2010-07-13T15:08:00","2010-07-13T16:45:00","B2.3","",-304.379,-383.873
"2010-07-14T04:18:00","2010-07-14T04:21:00","2010-07-14T04:23:00","B2.4","",-287.927,276.926
"2010-07-14T10:56:00","2010-07-14T11:00:00","2010-07-14T11:02:00","B1.7","",-200.278,258.807
"2010-07-14T12:11:00","2010-07-14T12:30:00","2010-07-14T12:30:00","C1.4","",-123.108,273.562
"2010-07-14T20:31:00","2010-07-14T20:45:00","2010-07-14T20:47:00","C3.6","",-15.7288,224.557
"2010-07-15T13:19:00","2010-07-15T13:22:00","2010-07-15T13:26:00","B1.2","",62.5014,239.663
"2010-07-15T20:27:00","2010-07-15T20:39:00","2010-07-15T22:25:00","B1.2","",-833.934,-272.298
"2010-07-16T01:40:00","2010-07-16T01:49:00","2010-07-16T01:49:00","B3.1","",183.918,272.026
"2010-07-16T23:29:00","2010-07-16T23:33:00","2010-07-16T23:36:00","B1.4","",-896.820,-293.132
"2010-07-17T00:17:00","2010-07-17T00:20:00","2010-07-17T00:20:00","B1.3","",329.045,289.898
"2010-07-17T17:27:00","2010-07-17T18:01:00","2010-07-17T18:01:00","C2.4","",526.292,249.646
"2010-07-18T01:04:00","2010-07-18T01:29:00","2010-07-18T02:38:00","B1.9","",-860.874,-386.195
"2010-07-18T19:24:00","2010-07-18T19:26:00","2010-07-18T19:27:00","B2.1","",-879.816,-340.826
"2010-07-19T02:03:00","2010-07-19T02:08:00","2010-07-19T02:11:00","B2.5","",-860.934,-386.245
"2010-07-19T04:45:00","2010-07-19T04:51:00","2010-07-19T04:54:00","B4.5","",-873.804,-356.092
"2010-07-19T06:21:00","2010-07-19T06:24:00","2010-07-19T06:24:00","B2.5","",-862.158,-364.998
"2010-07-19T07:27:00","2010-07-19T07:52:00","2010-07-19T08:43:00","B5.5","",719.298,279.565
"2010-07-19T16:55:00","2010-07-19T16:58:00","2010-07-19T17:00:00","B2.8","",-841.932,-372.650
"2010-07-20T04:08:00","2010-07-20T04:12:00","2010-07-20T04:15:00","B2.2","",-827.130,-390.328
"2010-07-20T05:02:00","2010-07-20T05:08:00","2010-07-20T05:08:00","B3.1","",-834.078,-361.449
"2010-07-20T09:16:00","2010-07-20T09:42:00","2010-07-20T10:03:00","B8.0","",-812.112,-394.096
"2010-07-20T11:23:00","2010-07-20T11:30:00","2010-07-20T11:30:00","B5.6","",-812.472,-380.371
"2010-07-20T12:34:00","2010-07-20T12:39:00","2010-07-20T12:39:00","B5.6","",-800.856,-396.581
"2010-07-20T13:38:00","2010-07-20T13:45:00","2010-07-20T13:45:00","C1.4","",-806.172,-367.758
"2010-07-20T18:52:00","2010-07-20T18:55:00","2010-07-20T18:55:00","B8.0","",899.748,212.934
"2010-07-21T09:07:00","2010-07-21T09:18:00","2010-07-21T09:25:00","B5.9","",-813.648,444.040
"2010-07-21T12:27:00","2010-07-21T12:30:00","2010-07-21T12:33:00","B3.9","",-851.214,-226.781
"2010-07-21T14:24:00","2010-07-21T14:36:00","2010-07-21T14:37:00","B8.5","",0.00000,-81.3247
"2010-07-21T16:41:00","2010-07-21T16:45:00","2010-07-21T16:47:00","B4.6","",0.00000,-81.4643
"2010-07-21T18:45:00","2010-07-21T18:51:00","2010-07-21T18:55:00","B8.5","",-637.350,-447.822
"2010-07-22T02:00:00","2010-07-22T02:04:00","2010-07-22T02:04:00","B5.7","",-590.861,-493.751
"2010-07-22T06:28:00","2010-07-22T06:31:00","2010-07-22T06:32:00","B6.9","",-590.953,-466.471
"2010-07-22T06:57:00","2010-07-22T07:03:00","2010-07-22T07:03:00","B3.7","",-537.773,-525.184
"2010-07-22T07:28:00","2010-07-22T07:35:00","2010-07-22T07:35:00","B5.7","",-321.065,54.8083
"2010-07-22T15:10:00","2010-07-22T15:16:00","2010-07-22T15:16:00","B5.9","",-467.691,382.438
"2010-07-22T15:52:00","2010-07-22T16:01:00","2010-07-22T16:01:00","B5.3","",-892.050,-287.420
"2010-07-22T17:19:00","2010-07-22T17:23:00","2010-07-22T17:30:00","B3.8","",-497.697,-387.255
"2010-07-22T21:30:00","2010-07-22T21:38:00","2010-07-22T21:45:00","B9.8","",-512.380,-430.477
"2010-07-23T00:19:00","2010-07-23T00:24:00","2010-07-23T00:26:00","B5.2","",-471.227,-447.527
"2010-07-23T01:30:00","2010-07-23T01:38:00","2010-07-23T01:38:00","B3.6","",-496.226,-446.057
"2010-07-23T08:48:00","2010-07-23T08:56:00","2010-07-23T08:56:00","B3.6","",-435.979,-435.472
"2010-07-23T15:16:00","2010-07-23T15:23:00","2010-07-23T15:23:00","B9.3","",-335.507,-469.054
"2010-07-24T03:05:00","2010-07-24T03:09:00","2010-07-24T03:13:00","B3.0","",-258.691,-414.086
"2010-07-24T04:30:00","2010-07-24T04:34:00","2010-07-24T04:34:00","B3.1","",-801.120,320.890
"2010-07-24T20:33:00","2010-07-24T20:36:00","2010-07-24T20:37:00","B1.9","",-670.476,365.783
